DoctorID,FirstName,LastName,Specialization,Email,PhoneNumber
D0001,Laura,Garcia,Neurology,laura.garcia@example.com,555-02001
D0002,James,Hernandez,Neurology,james.hernandez@example.com,555-02002
D0003,Sarah,Williams,Oncology,sarah.williams@example.com,555-02003
D0004,Laura,Martinez,Pediatrics,laura.martinez@example.com,555-02004
D0005,David,Garcia,Oncology,david.garcia@example.com,555-02005
D0006,Robert,Garcia,Neurology,robert.garcia@example.com,555-02006
D0007,Maria,Williams,Cardiology,maria.williams@example.com,555-02007
D0008,David,Garcia,Cardiology,david.garcia@example.com,555-02008
D0009,Sarah,Martinez,Orthopedics,sarah.martinez@example.com,555-02009
D0010,Maria,Hernandez,Oncology,maria.hernandez@example.com,555-02010
D0011,Laura,Johnson,Neurology,laura.johnson@example.com,555-02011
D0012,James,Martinez,Orthopedics,james.martinez@example.com,555-02012
D0013,Sarah,Williams,Neurology,sarah.williams@example.com,555-02013
D0014,James,Martinez,Pediatrics,james.martinez@example.com,555-02014
D0015,Robert,Jones,Orthopedics,robert.jones@example.com,555-02015
D0016,Laura,Martinez,Pediatrics,laura.martinez@example.com,555-02016
D0017,Maria,Williams,Pediatrics,maria.williams@example.com,555-02017
D0018,Sarah,Johnson,Oncology,sarah.johnson@example.com,555-02018
D0019,Maria,Hernandez,Pediatrics,maria.hernandez@example.com,555-02019
D0020,Sarah,Jones,Pediatrics,sarah.jones@example.com,555-02020
D0021,David,Johnson,Cardiology,david.johnson@example.com,555-02021
D0022,David,Garcia,Pediatrics,david.garcia@example.com,555-02022
D0023,Laura,Johnson,Oncology,laura.johnson@example.com,555-02023
D0024,Laura,Hernandez,Neurology,laura.hernandez@example.com,555-02024
D0025,James,Jones,Orthopedics,james.jones@example.com,555-02025
D0026,David,Martinez,Cardiology,david.martinez@example.com,555-02026
D0027,Maria,Hernandez,Pediatrics,maria.hernandez@example.com,555-02027
D0028,Laura,Jones,Orthopedics,laura.jones@example.com,555-02028
D0029,Laura,Garcia,Orthopedics,laura.garcia@example.com,555-02029
D0030,Laura,Hernandez,Neurology,laura.hernandez@example.com,555-02030
D0031,Sarah,Williams,Oncology,sarah.williams@example.com,555-02031
D0032,David,Hernandez,Cardiology,david.hernandez@example.com,555-02032
D0033,Laura,Jones,Orthopedics,laura.jones@example.com,555-02033
D0034,Robert,Williams,Neurology,robert.williams@example.com,555-02034
D0035,Laura,Jones,Orthopedics,laura.jones@example.com,555-02035
D0036,Laura,Jones,Oncology,laura.jones@example.com,555-02036
D0037,Maria,Johnson,Oncology,maria.johnson@example.com,555-02037
D0038,Laura,Williams,Oncology,laura.williams@example.com,555-02038
D0039,Sarah,Martinez,Oncology,sarah.martinez@example.com,555-02039
D0040,Maria,Garcia,Oncology,maria.garcia@example.com,555-02040
D0041,Robert,Williams,Oncology,robert.williams@example.com,555-02041
D0042,Sarah,Martinez,Neurology,sarah.martinez@example.com,555-02042
D0043,Sarah,Hernandez,Orthopedics,sarah.hernandez@example.com,555-02043
D0044,James,Jones,Cardiology,james.jones@example.com,555-02044
D0045,Maria,Garcia,Cardiology,maria.garcia@example.com,555-02045
D0046,Robert,Martinez,Oncology,robert.martinez@example.com,555-02046
D0047,James,Johnson,Cardiology,james.johnson@example.com,555-02047
D0048,Maria,Hernandez,Pediatrics,maria.hernandez@example.com,555-02048
D0049,Maria,Williams,Orthopedics,maria.williams@example.com,555-02049
D0050,David,Hernandez,Pediatrics,david.hernandez@example.com,555-02050
D0051,David,Hernandez,Neurology,david.hernandez@example.com,555-02051
D0052,Sarah,Jones,Neurology,sarah.jones@example.com,555-02052
D0053,Laura,Garcia,Oncology,laura.garcia@example.com,555-02053
D0054,David,Hernandez,Cardiology,david.hernandez@example.com,555-02054
D0055,Maria,Martinez,Orthopedics,maria.martinez@example.com,555-02055
D0056,Laura,Garcia,Neurology,laura.garcia@example.com,555-02056
D0057,Sarah,Johnson,Oncology,sarah.johnson@example.com,555-02057
D0058,Sarah,Jones,Pediatrics,sarah.jones@example.com,555-02058
D0059,David,Jones,Oncology,david.jones@example.com,555-02059
D0060,Sarah,Garcia,Cardiology,sarah.garcia@example.com,555-02060
D0061,Sarah,Hernandez,Oncology,sarah.hernandez@example.com,555-02061
D0062,James,Jones,Orthopedics,james.jones@example.com,555-02062
D0063,Robert,Williams,Orthopedics,robert.williams@example.com,555-02063
D0064,David,Jones,Orthopedics,david.jones@example.com,555-02064
D0065,James,Martinez,Oncology,james.martinez@example.com,555-02065
D0066,James,Williams,Orthopedics,james.williams@example.com,555-02066
D0067,James,Hernandez,Oncology,james.hernandez@example.com,555-02067
D0068,Robert,Hernandez,Cardiology,robert.hernandez@example.com,555-02068
D0069,David,Hernandez,Neurology,david.hernandez@example.com,555-02069
D0070,Sarah,Williams,Pediatrics,sarah.williams@example.com,555-02070
D0071,Laura,Johnson,Cardiology,laura.johnson@example.com,555-02071
D0072,James,Johnson,Orthopedics,james.johnson@example.com,555-02072
D0073,Sarah,Johnson,Neurology,sarah.johnson@example.com,555-02073
D0074,David,Martinez,Neurology,david.martinez@example.com,555-02074
D0075,Laura,Garcia,Cardiology,laura.garcia@example.com,555-02075
D0076,Maria,Garcia,Neurology,maria.garcia@example.com,555-02076
D0077,Laura,Martinez,Pediatrics,laura.martinez@example.com,555-02077
D0078,David,Williams,Neurology,david.williams@example.com,555-02078
D0079,Robert,Williams,Pediatrics,robert.williams@example.com,555-02079
D0080,David,Jones,Oncology,david.jones@example.com,555-02080
D0081,Robert,Jones,Oncology,robert.jones@example.com,555-02081
D0082,James,Martinez,Cardiology,james.martinez@example.com,555-02082
D0083,Robert,Johnson,Orthopedics,robert.johnson@example.com,555-02083
D0084,David,Jones,Oncology,david.jones@example.com,555-02084
D0085,Maria,Garcia,Orthopedics,maria.garcia@example.com,555-02085
D0086,Maria,Johnson,Oncology,maria.johnson@example.com,555-02086
D0087,Sarah,Johnson,Orthopedics,sarah.johnson@example.com,555-02087
D0088,Sarah,Williams,Orthopedics,sarah.williams@example.com,555-02088
D0089,Sarah,Williams,Neurology,sarah.williams@example.com,555-02089
D0090,David,Martinez,Cardiology,david.martinez@example.com,555-02090
D0091,Laura,Martinez,Orthopedics,laura.martinez@example.com,555-02091
D0092,James,Johnson,Pediatrics,james.johnson@example.com,555-02092
D0093,David,Martinez,Oncology,david.martinez@example.com,555-02093
D0094,David,Garcia,Neurology,david.garcia@example.com,555-02094
D0095,Robert,Williams,Oncology,robert.williams@example.com,555-02095
D0096,Sarah,Hernandez,Neurology,sarah.hernandez@example.com,555-02096
D0097,Robert,Williams,Oncology,robert.williams@example.com,555-02097
D0098,James,Hernandez,Pediatrics,james.hernandez@example.com,555-02098
D0099,Sarah,Williams,Pediatrics,sarah.williams@example.com,555-02099
D0100,Robert,Jones,Cardiology,robert.jones@example.com,555-02100
D0101,Robert,Martinez,Orthopedics,robert.martinez@example.com,555-02101
D0102,Robert,Williams,Cardiology,robert.williams@example.com,555-02102
D0103,Sarah,Garcia,Pediatrics,sarah.garcia@example.com,555-02103
D0104,David,Garcia,Pediatrics,david.garcia@example.com,555-02104
D0105,Laura,Garcia,Neurology,laura.garcia@example.com,555-02105
D0106,David,Johnson,Pediatrics,david.johnson@example.com,555-02106
D0107,Robert,Garcia,Pediatrics,robert.garcia@example.com,555-02107
D0108,James,Johnson,Neurology,james.johnson@example.com,555-02108
D0109,Maria,Johnson,Oncology,maria.johnson@example.com,555-02109
D0110,Maria,Williams,Cardiology,maria.williams@example.com,555-02110
D0111,James,Jones,Orthopedics,james.jones@example.com,555-02111
D0112,Maria,Hernandez,Pediatrics,maria.hernandez@example.com,555-02112
D0113,Robert,Martinez,Oncology,robert.martinez@example.com,555-02113
D0114,Sarah,Garcia,Pediatrics,sarah.garcia@example.com,555-02114
D0115,Robert,Garcia,Neurology,robert.garcia@example.com,555-02115
D0116,Laura,Williams,Neurology,laura.williams@example.com,555-02116
D0117,Sarah,Johnson,Orthopedics,sarah.johnson@example.com,555-02117
D0118,Robert,Williams,Cardiology,robert.williams@example.com,555-02118
D0119,Robert,Garcia,Cardiology,robert.garcia@example.com,555-02119
D0120,Maria,Williams,Oncology,maria.williams@example.com,555-02120
D0121,Maria,Jones,Cardiology,maria.jones@example.com,555-02121
D0122,Maria,Jones,Orthopedics,maria.jones@example.com,555-02122
D0123,Laura,Jones,Neurology,laura.jones@example.com,555-02123
D0124,Robert,Williams,Pediatrics,robert.williams@example.com,555-02124
D0125,Robert,Garcia,Cardiology,robert.garcia@example.com,555-02125
D0126,David,Hernandez,Oncology,david.hernandez@example.com,555-02126
D0127,Maria,Jones,Pediatrics,maria.jones@example.com,555-02127
D0128,Maria,Johnson,Pediatrics,maria.johnson@example.com,555-02128
D0129,Maria,Jones,Oncology,maria.jones@example.com,555-02129
D0130,Maria,Jones,Orthopedics,maria.jones@example.com,555-02130
D0131,Robert,Hernandez,Orthopedics,robert.hernandez@example.com,555-02131
D0132,Maria,Williams,Oncology,maria.williams@example.com,555-02132
D0133,Maria,Garcia,Oncology,maria.garcia@example.com,555-02133
D0134,Robert,Jones,Oncology,robert.jones@example.com,555-02134
D0135,David,Jones,Orthopedics,david.jones@example.com,555-02135
D0136,James,Williams,Orthopedics,james.williams@example.com,555-02136
D0137,Robert,Martinez,Oncology,robert.martinez@example.com,555-02137
D0138,Maria,Jones,Cardiology,maria.jones@example.com,555-02138
D0139,Robert,Johnson,Neurology,robert.johnson@example.com,555-02139
D0140,Laura,Hernandez,Oncology,laura.hernandez@example.com,555-02140
D0141,Maria,Jones,Neurology,maria.jones@example.com,555-02141
D0142,Maria,Williams,Orthopedics,maria.williams@example.com,555-02142
D0143,Maria,Jones,Oncology,maria.jones@example.com,555-02143
D0144,David,Martinez,Oncology,david.martinez@example.com,555-02144
D0145,Maria,Jones,Cardiology,maria.jones@example.com,555-02145
D0146,David,Johnson,Orthopedics,david.johnson@example.com,555-02146
D0147,James,Williams,Pediatrics,james.williams@example.com,555-02147
D0148,Robert,Jones,Orthopedics,robert.jones@example.com,555-02148
D0149,James,Jones,Orthopedics,james.jones@example.com,555-02149
D0150,David,Johnson,Cardiology,david.johnson@example.com,555-02150
D0151,David,Garcia,Oncology,david.garcia@example.com,555-02151
D0152,Laura,Martinez,Pediatrics,laura.martinez@example.com,555-02152
D0153,James,Hernandez,Neurology,james.hernandez@example.com,555-02153
D0154,Robert,Williams,Orthopedics,robert.williams@example.com,555-02154
D0155,Maria,Martinez,Oncology,maria.martinez@example.com,555-02155
D0156,David,Hernandez,Orthopedics,david.hernandez@example.com,555-02156
D0157,Maria,Johnson,Cardiology,maria.johnson@example.com,555-02157
D0158,Robert,Hernandez,Oncology,robert.hernandez@example.com,555-02158
D0159,David,Jones,Pediatrics,david.jones@example.com,555-02159
D0160,James,Garcia,Cardiology,james.garcia@example.com,555-02160
D0161,Laura,Garcia,Orthopedics,laura.garcia@example.com,555-02161
D0162,Robert,Johnson,Orthopedics,robert.johnson@example.com,555-02162
D0163,Robert,Williams,Orthopedics,robert.williams@example.com,555-02163
D0164,Maria,Williams,Oncology,maria.williams@example.com,555-02164
D0165,Sarah,Jones,Orthopedics,sarah.jones@example.com,555-02165
D0166,Robert,Hernandez,Oncology,robert.hernandez@example.com,555-02166
D0167,Sarah,Martinez,Cardiology,sarah.martinez@example.com,555-02167
D0168,Maria,Jones,Orthopedics,maria.jones@example.com,555-02168
D0169,Sarah,Garcia,Neurology,sarah.garcia@example.com,555-02169
D0170,Sarah,Garcia,Neurology,sarah.garcia@example.com,555-02170
D0171,Laura,Williams,Oncology,laura.williams@example.com,555-02171
D0172,Maria,Hernandez,Cardiology,maria.hernandez@example.com,555-02172
D0173,Sarah,Martinez,Neurology,sarah.martinez@example.com,555-02173
D0174,David,Garcia,Pediatrics,david.garcia@example.com,555-02174
D0175,Sarah,Williams,Pediatrics,sarah.williams@example.com,555-02175
D0176,James,Jones,Orthopedics,james.jones@example.com,555-02176
D0177,Robert,Garcia,Oncology,robert.garcia@example.com,555-02177
D0178,Laura,Hernandez,Orthopedics,laura.hernandez@example.com,555-02178
D0179,James,Johnson,Neurology,james.johnson@example.com,555-02179
D0180,Laura,Garcia,Neurology,laura.garcia@example.com,555-02180
D0181,David,Martinez,Orthopedics,david.martinez@example.com,555-02181
D0182,David,Williams,Orthopedics,david.williams@example.com,555-02182
D0183,Laura,Johnson,Cardiology,laura.johnson@example.com,555-02183
D0184,Maria,Johnson,Pediatrics,maria.johnson@example.com,555-02184
D0185,Maria,Hernandez,Oncology,maria.hernandez@example.com,555-02185
D0186,Sarah,Williams,Orthopedics,sarah.williams@example.com,555-02186
D0187,David,Williams,Orthopedics,david.williams@example.com,555-02187
D0188,Sarah,Garcia,Cardiology,sarah.garcia@example.com,555-02188
D0189,James,Martinez,Pediatrics,james.martinez@example.com,555-02189
D0190,David,Johnson,Cardiology,david.johnson@example.com,555-02190
D0191,Robert,Garcia,Oncology,robert.garcia@example.com,555-02191
D0192,Robert,Jones,Neurology,robert.jones@example.com,555-02192
D0193,Laura,Johnson,Oncology,laura.johnson@example.com,555-02193
D0194,James,Hernandez,Cardiology,james.hernandez@example.com,555-02194
D0195,James,Hernandez,Neurology,james.hernandez@example.com,555-02195
D0196,Robert,Johnson,Cardiology,robert.johnson@example.com,555-02196
D0197,Sarah,Hernandez,Neurology,sarah.hernandez@example.com,555-02197
D0198,Sarah,Garcia,Orthopedics,sarah.garcia@example.com,555-02198
D0199,Maria,Johnson,Oncology,maria.johnson@example.com,555-02199
D0200,David,Jones,Orthopedics,david.jones@example.com,555-02200
D0201,Laura,Garcia,Pediatrics,laura.garcia@example.com,555-02201
D0202,Sarah,Jones,Orthopedics,sarah.jones@example.com,555-02202
D0203,Robert,Williams,Oncology,robert.williams@example.com,555-02203
D0204,Robert,Hernandez,Oncology,robert.hernandez@example.com,555-02204
D0205,Laura,Williams,Cardiology,laura.williams@example.com,555-02205
D0206,David,Williams,Oncology,david.williams@example.com,555-02206
D0207,Laura,Williams,Cardiology,laura.williams@example.com,555-02207
D0208,James,Hernandez,Cardiology,james.hernandez@example.com,555-02208
D0209,Sarah,Jones,Neurology,sarah.jones@example.com,555-02209
D0210,Robert,Jones,Pediatrics,robert.jones@example.com,555-02210
D0211,David,Johnson,Pediatrics,david.johnson@example.com,555-02211
D0212,Sarah,Johnson,Neurology,sarah.johnson@example.com,555-02212
D0213,Laura,Jones,Cardiology,laura.jones@example.com,555-02213
D0214,James,Williams,Oncology,james.williams@example.com,555-02214
D0215,Robert,Hernandez,Oncology,robert.hernandez@example.com,555-02215
D0216,Sarah,Johnson,Pediatrics,sarah.johnson@example.com,555-02216
D0217,James,Johnson,Cardiology,james.johnson@example.com,555-02217
D0218,Maria,Garcia,Cardiology,maria.garcia@example.com,555-02218
D0219,Laura,Hernandez,Cardiology,laura.hernandez@example.com,555-02219
D0220,Sarah,Hernandez,Neurology,sarah.hernandez@example.com,555-02220
D0221,Robert,Garcia,Oncology,robert.garcia@example.com,555-02221
D0222,James,Jones,Neurology,james.jones@example.com,555-02222
D0223,Robert,Garcia,Cardiology,robert.garcia@example.com,555-02223
D0224,Maria,Martinez,Oncology,maria.martinez@example.com,555-02224
D0225,David,Martinez,Cardiology,david.martinez@example.com,555-02225
D0226,James,Garcia,Neurology,james.garcia@example.com,555-02226
D0227,David,Jones,Oncology,david.jones@example.com,555-02227
D0228,Sarah,Hernandez,Neurology,sarah.hernandez@example.com,555-02228
D0229,David,Williams,Cardiology,david.williams@example.com,555-02229
D0230,Sarah,Williams,Oncology,sarah.williams@example.com,555-02230
D0231,David,Johnson,Neurology,david.johnson@example.com,555-02231
D0232,Laura,Jones,Neurology,laura.jones@example.com,555-02232
D0233,David,Hernandez,Pediatrics,david.hernandez@example.com,555-02233
D0234,James,Williams,Cardiology,james.williams@example.com,555-02234
D0235,James,Hernandez,Neurology,james.hernandez@example.com,555-02235
D0236,Sarah,Johnson,Pediatrics,sarah.johnson@example.com,555-02236
D0237,David,Garcia,Cardiology,david.garcia@example.com,555-02237
D0238,David,Johnson,Cardiology,david.johnson@example.com,555-02238
D0239,James,Williams,Neurology,james.williams@example.com,555-02239
D0240,Maria,Jones,Neurology,maria.jones@example.com,555-02240
D0241,Laura,Hernandez,Orthopedics,laura.hernandez@example.com,555-02241
D0242,David,Williams,Neurology,david.williams@example.com,555-02242
D0243,James,Jones,Neurology,james.jones@example.com,555-02243
D0244,James,Hernandez,Oncology,james.hernandez@example.com,555-02244
D0245,David,Garcia,Orthopedics,david.garcia@example.com,555-02245
D0246,Maria,Garcia,Pediatrics,maria.garcia@example.com,555-02246
D0247,David,Williams,Pediatrics,david.williams@example.com,555-02247
D0248,Maria,Hernandez,Pediatrics,maria.hernandez@example.com,555-02248
D0249,Maria,Williams,Oncology,maria.williams@example.com,555-02249
D0250,Maria,Johnson,Pediatrics,maria.johnson@example.com,555-02250
D0251,Robert,Jones,Oncology,robert.jones@example.com,555-02251
D0252,James,Jones,Oncology,james.jones@example.com,555-02252
D0253,Robert,Williams,Neurology,robert.williams@example.com,555-02253
D0254,James,Martinez,Cardiology,james.martinez@example.com,555-02254
D0255,David,Johnson,Cardiology,david.johnson@example.com,555-02255
D0256,Laura,Martinez,Neurology,laura.martinez@example.com,555-02256
D0257,David,Garcia,Oncology,david.garcia@example.com,555-02257
D0258,David,Williams,Cardiology,david.williams@example.com,555-02258
D0259,Robert,Williams,Cardiology,robert.williams@example.com,555-02259
D0260,Maria,Johnson,Orthopedics,maria.johnson@example.com,555-02260
D0261,Maria,Martinez,Neurology,maria.martinez@example.com,555-02261
D0262,Maria,Martinez,Pediatrics,maria.martinez@example.com,555-02262
D0263,David,Williams,Oncology,david.williams@example.com,555-02263
D0264,David,Williams,Orthopedics,david.williams@example.com,555-02264
D0265,Sarah,Garcia,Pediatrics,sarah.garcia@example.com,555-02265
D0266,Maria,Garcia,Orthopedics,maria.garcia@example.com,555-02266
D0267,Maria,Jones,Pediatrics,maria.jones@example.com,555-02267
D0268,Maria,Jones,Cardiology,maria.jones@example.com,555-02268
D0269,Sarah,Jones,Neurology,sarah.jones@example.com,555-02269
D0270,Robert,Hernandez,Pediatrics,robert.hernandez@example.com,555-02270
D0271,Maria,Johnson,Pediatrics,maria.johnson@example.com,555-02271
D0272,James,Johnson,Neurology,james.johnson@example.com,555-02272
D0273,Robert,Johnson,Oncology,robert.johnson@example.com,555-02273
D0274,James,Hernandez,Pediatrics,james.hernandez@example.com,555-02274
D0275,Maria,Williams,Orthopedics,maria.williams@example.com,555-02275
D0276,James,Hernandez,Neurology,james.hernandez@example.com,555-02276
D0277,David,Martinez,Neurology,david.martinez@example.com,555-02277
D0278,Maria,Jones,Orthopedics,maria.jones@example.com,555-02278
D0279,David,Jones,Pediatrics,david.jones@example.com,555-02279
D0280,David,Garcia,Neurology,david.garcia@example.com,555-02280
D0281,Laura,Williams,Oncology,laura.williams@example.com,555-02281
D0282,James,Hernandez,Pediatrics,james.hernandez@example.com,555-02282
D0283,Sarah,Williams,Pediatrics,sarah.williams@example.com,555-02283
D0284,Laura,Johnson,Orthopedics,laura.johnson@example.com,555-02284
D0285,David,Garcia,Neurology,david.garcia@example.com,555-02285
D0286,Robert,Williams,Oncology,robert.williams@example.com,555-02286
D0287,Sarah,Williams,Pediatrics,sarah.williams@example.com,555-02287
D0288,Sarah,Garcia,Oncology,sarah.garcia@example.com,555-02288
D0289,Maria,Williams,Orthopedics,maria.williams@example.com,555-02289
D0290,Maria,Williams,Pediatrics,maria.williams@example.com,555-02290
D0291,James,Garcia,Oncology,james.garcia@example.com,555-02291
D0292,Laura,Jones,Cardiology,laura.jones@example.com,555-02292
D0293,Laura,Hernandez,Neurology,laura.hernandez@example.com,555-02293
D0294,Laura,Martinez,Neurology,laura.martinez@example.com,555-02294
D0295,Maria,Hernandez,Cardiology,maria.hernandez@example.com,555-02295
D0296,Robert,Johnson,Pediatrics,robert.johnson@example.com,555-02296
D0297,Robert,Garcia,Orthopedics,robert.garcia@example.com,555-02297
D0298,David,Garcia,Orthopedics,david.garcia@example.com,555-02298
D0299,James,Hernandez,Pediatrics,james.hernandez@example.com,555-02299
D0300,Robert,Williams,Pediatrics,robert.williams@example.com,555-02300
D0301,Sarah,Jones,Oncology,sarah.jones@example.com,555-02301
D0302,Maria,Garcia,Oncology,maria.garcia@example.com,555-02302
D0303,Sarah,Hernandez,Pediatrics,sarah.hernandez@example.com,555-02303
D0304,Maria,Garcia,Oncology,maria.garcia@example.com,555-02304
D0305,James,Johnson,Orthopedics,james.johnson@example.com,555-02305
D0306,Maria,Martinez,Oncology,maria.martinez@example.com,555-02306
D0307,David,Martinez,Cardiology,david.martinez@example.com,555-02307
D0308,Maria,Jones,Orthopedics,maria.jones@example.com,555-02308
D0309,Laura,Williams,Orthopedics,laura.williams@example.com,555-02309
D0310,Laura,Johnson,Orthopedics,laura.johnson@example.com,555-02310
D0311,Maria,Jones,Orthopedics,maria.jones@example.com,555-02311
D0312,Sarah,Jones,Pediatrics,sarah.jones@example.com,555-02312
D0313,James,Garcia,Cardiology,james.garcia@example.com,555-02313
D0314,Maria,Williams,Orthopedics,maria.williams@example.com,555-02314
D0315,David,Williams,Oncology,david.williams@example.com,555-02315
D0316,Laura,Martinez,Oncology,laura.martinez@example.com,555-02316
D0317,Laura,Garcia,Neurology,laura.garcia@example.com,555-02317
D0318,James,Johnson,Orthopedics,james.johnson@example.com,555-02318
D0319,Maria,Martinez,Oncology,maria.martinez@example.com,555-02319
D0320,Laura,Johnson,Neurology,laura.johnson@example.com,555-02320
D0321,Robert,Williams,Pediatrics,robert.williams@example.com,555-02321
D0322,James,Williams,Cardiology,james.williams@example.com,555-02322
D0323,Robert,Williams,Cardiology,robert.williams@example.com,555-02323
D0324,Sarah,Garcia,Oncology,sarah.garcia@example.com,555-02324
D0325,Robert,Williams,Cardiology,robert.williams@example.com,555-02325
D0326,Robert,Johnson,Neurology,robert.johnson@example.com,555-02326
D0327,David,Hernandez,Cardiology,david.hernandez@example.com,555-02327
D0328,Robert,Johnson,Orthopedics,robert.johnson@example.com,555-02328
D0329,Sarah,Martinez,Pediatrics,sarah.martinez@example.com,555-02329
D0330,Laura,Hernandez,Neurology,laura.hernandez@example.com,555-02330
D0331,Robert,Garcia,Cardiology,robert.garcia@example.com,555-02331
D0332,Laura,Williams,Orthopedics,laura.williams@example.com,555-02332
D0333,David,Hernandez,Orthopedics,david.hernandez@example.com,555-02333
D0334,James,Garcia,Pediatrics,james.garcia@example.com,555-02334
D0335,Robert,Johnson,Oncology,robert.johnson@example.com,555-02335
D0336,Sarah,Johnson,Pediatrics,sarah.johnson@example.com,555-02336
D0337,David,Hernandez,Oncology,david.hernandez@example.com,555-02337
D0338,David,Williams,Pediatrics,david.williams@example.com,555-02338
D0339,Robert,Hernandez,Orthopedics,robert.hernandez@example.com,555-02339
D0340,Robert,Hernandez,Orthopedics,robert.hernandez@example.com,555-02340
D0341,Laura,Williams,Cardiology,laura.williams@example.com,555-02341
D0342,James,Hernandez,Pediatrics,james.hernandez@example.com,555-02342
D0343,Robert,Williams,Orthopedics,robert.williams@example.com,555-02343
D0344,Laura,Williams,Cardiology,laura.williams@example.com,555-02344
D0345,James,Williams,Neurology,james.williams@example.com,555-02345
D0346,Robert,Williams,Cardiology,robert.williams@example.com,555-02346
D0347,Maria,Williams,Neurology,maria.williams@example.com,555-02347
D0348,David,Hernandez,Cardiology,david.hernandez@example.com,555-02348
D0349,James,Johnson,Cardiology,james.johnson@example.com,555-02349
D0350,Maria,Hernandez,Oncology,maria.hernandez@example.com,555-02350
D0351,Robert,Johnson,Neurology,robert.johnson@example.com,555-02351
D0352,Robert,Johnson,Pediatrics,robert.johnson@example.com,555-02352
D0353,Maria,Garcia,Oncology,maria.garcia@example.com,555-02353
D0354,Sarah,Martinez,Cardiology,sarah.martinez@example.com,555-02354
D0355,David,Johnson,Neurology,david.johnson@example.com,555-02355
D0356,Laura,Jones,Pediatrics,laura.jones@example.com,555-02356
D0357,Robert,Williams,Neurology,robert.williams@example.com,555-02357
D0358,James,Jones,Neurology,james.jones@example.com,555-02358
D0359,James,Johnson,Orthopedics,james.johnson@example.com,555-02359
D0360,David,Jones,Orthopedics,david.jones@example.com,555-02360
D0361,Sarah,Martinez,Pediatrics,sarah.martinez@example.com,555-02361
D0362,Laura,Garcia,Cardiology,laura.garcia@example.com,555-02362
D0363,Sarah,Williams,Orthopedics,sarah.williams@example.com,555-02363
D0364,Robert,Williams,Cardiology,robert.williams@example.com,555-02364
D0365,Robert,Hernandez,Orthopedics,robert.hernandez@example.com,555-02365
D0366,James,Hernandez,Cardiology,james.hernandez@example.com,555-02366
D0367,Sarah,Hernandez,Pediatrics,sarah.hernandez@example.com,555-02367
D0368,Laura,Garcia,Neurology,laura.garcia@example.com,555-02368
D0369,Robert,Jones,Pediatrics,robert.jones@example.com,555-02369
D0370,Robert,Johnson,Oncology,robert.johnson@example.com,555-02370
D0371,David,Johnson,Cardiology,david.johnson@example.com,555-02371
D0372,David,Hernandez,Neurology,david.hernandez@example.com,555-02372
D0373,James,Williams,Neurology,james.williams@example.com,555-02373
D0374,David,Williams,Cardiology,david.williams@example.com,555-02374
D0375,Robert,Williams,Oncology,robert.williams@example.com,555-02375
D0376,Robert,Jones,Oncology,robert.jones@example.com,555-02376
D0377,Robert,Williams,Cardiology,robert.williams@example.com,555-02377
D0378,James,Williams,Pediatrics,james.williams@example.com,555-02378
D0379,James,Hernandez,Orthopedics,james.hernandez@example.com,555-02379
D0380,Robert,Williams,Neurology,robert.williams@example.com,555-02380
D0381,David,Hernandez,Oncology,david.hernandez@example.com,555-02381
D0382,Sarah,Garcia,Orthopedics,sarah.garcia@example.com,555-02382
D0383,Robert,Williams,Cardiology,robert.williams@example.com,555-02383
D0384,Laura,Jones,Cardiology,laura.jones@example.com,555-02384
D0385,David,Williams,Orthopedics,david.williams@example.com,555-02385
D0386,David,Garcia,Pediatrics,david.garcia@example.com,555-02386
D0387,David,Hernandez,Oncology,david.hernandez@example.com,555-02387
D0388,Laura,Johnson,Cardiology,laura.johnson@example.com,555-02388
D0389,Sarah,Jones,Cardiology,sarah.jones@example.com,555-02389
D0390,Sarah,Jones,Pediatrics,sarah.jones@example.com,555-02390
D0391,David,Williams,Oncology,david.williams@example.com,555-02391
D0392,David,Williams,Pediatrics,david.williams@example.com,555-02392
D0393,David,Hernandez,Pediatrics,david.hernandez@example.com,555-02393
D0394,James,Williams,Pediatrics,james.williams@example.com,555-02394
D0395,James,Johnson,Cardiology,james.johnson@example.com,555-02395
D0396,Sarah,Martinez,Cardiology,sarah.martinez@example.com,555-02396
D0397,James,Hernandez,Cardiology,james.hernandez@example.com,555-02397
D0398,James,Williams,Pediatrics,james.williams@example.com,555-02398
D0399,Robert,Hernandez,Neurology,robert.hernandez@example.com,555-02399
D0400,Sarah,Williams,Pediatrics,sarah.williams@example.com,555-02400
D0401,Robert,Garcia,Neurology,robert.garcia@example.com,555-02401
D0402,Maria,Jones,Oncology,maria.jones@example.com,555-02402
D0403,Sarah,Williams,Orthopedics,sarah.williams@example.com,555-02403
D0404,Laura,Martinez,Oncology,laura.martinez@example.com,555-02404
D0405,David,Jones,Oncology,david.jones@example.com,555-02405
D0406,Sarah,Garcia,Oncology,sarah.garcia@example.com,555-02406
D0407,Robert,Jones,Cardiology,robert.jones@example.com,555-02407
D0408,James,Hernandez,Cardiology,james.hernandez@example.com,555-02408
D0409,David,Williams,Orthopedics,david.williams@example.com,555-02409
D0410,David,Garcia,Orthopedics,david.garcia@example.com,555-02410
D0411,David,Garcia,Neurology,david.garcia@example.com,555-02411
D0412,David,Martinez,Pediatrics,david.martinez@example.com,555-02412
D0413,Sarah,Jones,Orthopedics,sarah.jones@example.com,555-02413
D0414,Laura,Johnson,Oncology,laura.johnson@example.com,555-02414
D0415,Robert,Hernandez,Neurology,robert.hernandez@example.com,555-02415
D0416,David,Martinez,Oncology,david.martinez@example.com,555-02416
D0417,David,Martinez,Orthopedics,david.martinez@example.com,555-02417
D0418,David,Jones,Cardiology,david.jones@example.com,555-02418
D0419,Laura,Martinez,Oncology,laura.martinez@example.com,555-02419
D0420,Maria,Martinez,Orthopedics,maria.martinez@example.com,555-02420
D0421,Sarah,Hernandez,Orthopedics,sarah.hernandez@example.com,555-02421
D0422,Laura,Hernandez,Pediatrics,laura.hernandez@example.com,555-02422
D0423,James,Jones,Cardiology,james.jones@example.com,555-02423
D0424,James,Johnson,Neurology,james.johnson@example.com,555-02424
D0425,Sarah,Garcia,Pediatrics,sarah.garcia@example.com,555-02425
D0426,James,Hernandez,Oncology,james.hernandez@example.com,555-02426
D0427,Robert,Martinez,Cardiology,robert.martinez@example.com,555-02427
D0428,Laura,Jones,Orthopedics,laura.jones@example.com,555-02428
D0429,David,Garcia,Oncology,david.garcia@example.com,555-02429
D0430,Laura,Jones,Orthopedics,laura.jones@example.com,555-02430
D0431,James,Martinez,Orthopedics,james.martinez@example.com,555-02431
D0432,Laura,Johnson,Orthopedics,laura.johnson@example.com,555-02432
D0433,Maria,Garcia,Orthopedics,maria.garcia@example.com,555-02433
D0434,Sarah,Hernandez,Oncology,sarah.hernandez@example.com,555-02434
D0435,David,Johnson,Neurology,david.johnson@example.com,555-02435
D0436,Robert,Hernandez,Oncology,robert.hernandez@example.com,555-02436
D0437,David,Johnson,Oncology,david.johnson@example.com,555-02437
D0438,James,Williams,Oncology,james.williams@example.com,555-02438
D0439,James,Garcia,Orthopedics,james.garcia@example.com,555-02439
D0440,Maria,Williams,Orthopedics,maria.williams@example.com,555-02440
D0441,Sarah,Williams,Orthopedics,sarah.williams@example.com,555-02441
D0442,Laura,Williams,Neurology,laura.williams@example.com,555-02442
D0443,Robert,Hernandez,Cardiology,robert.hernandez@example.com,555-02443
D0444,Maria,Martinez,Cardiology,maria.martinez@example.com,555-02444
D0445,Laura,Martinez,Neurology,laura.martinez@example.com,555-02445
D0446,Laura,Jones,Orthopedics,laura.jones@example.com,555-02446
D0447,Laura,Martinez,Pediatrics,laura.martinez@example.com,555-02447
D0448,Robert,Martinez,Cardiology,robert.martinez@example.com,555-02448
D0449,Sarah,Johnson,Pediatrics,sarah.johnson@example.com,555-02449
D0450,James,Hernandez,Pediatrics,james.hernandez@example.com,555-02450
D0451,David,Jones,Neurology,david.jones@example.com,555-02451
D0452,James,Williams,Orthopedics,james.williams@example.com,555-02452
D0453,Robert,Garcia,Cardiology,robert.garcia@example.com,555-02453
D0454,Maria,Garcia,Pediatrics,maria.garcia@example.com,555-02454
D0455,James,Hernandez,Oncology,james.hernandez@example.com,555-02455
D0456,Laura,Martinez,Oncology,laura.martinez@example.com,555-02456
D0457,Sarah,Jones,Neurology,sarah.jones@example.com,555-02457
D0458,James,Martinez,Cardiology,james.martinez@example.com,555-02458
D0459,Sarah,Hernandez,Oncology,sarah.hernandez@example.com,555-02459
D0460,Laura,Johnson,Pediatrics,laura.johnson@example.com,555-02460
D0461,David,Garcia,Orthopedics,david.garcia@example.com,555-02461
D0462,Laura,Martinez,Orthopedics,laura.martinez@example.com,555-02462
D0463,Robert,Johnson,Pediatrics,robert.johnson@example.com,555-02463
D0464,Robert,Jones,Pediatrics,robert.jones@example.com,555-02464
D0465,Maria,Hernandez,Neurology,maria.hernandez@example.com,555-02465
D0466,Laura,Johnson,Pediatrics,laura.johnson@example.com,555-02466
D0467,David,Martinez,Cardiology,david.martinez@example.com,555-02467
D0468,David,Martinez,Orthopedics,david.martinez@example.com,555-02468
D0469,Sarah,Williams,Cardiology,sarah.williams@example.com,555-02469
D0470,Laura,Jones,Cardiology,laura.jones@example.com,555-02470
D0471,Maria,Johnson,Cardiology,maria.johnson@example.com,555-02471
D0472,Maria,Williams,Neurology,maria.williams@example.com,555-02472
D0473,James,Williams,Pediatrics,james.williams@example.com,555-02473
D0474,Maria,Garcia,Pediatrics,maria.garcia@example.com,555-02474
D0475,David,Jones,Orthopedics,david.jones@example.com,555-02475
D0476,Sarah,Williams,Cardiology,sarah.williams@example.com,555-02476
D0477,David,Jones,Oncology,david.jones@example.com,555-02477
D0478,Sarah,Johnson,Oncology,sarah.johnson@example.com,555-02478
D0479,James,Johnson,Orthopedics,james.johnson@example.com,555-02479
D0480,David,Jones,Cardiology,david.jones@example.com,555-02480
D0481,Laura,Jones,Cardiology,laura.jones@example.com,555-02481
D0482,Laura,Garcia,Cardiology,laura.garcia@example.com,555-02482
D0483,Laura,Jones,Pediatrics,laura.jones@example.com,555-02483
D0484,David,Hernandez,Cardiology,david.hernandez@example.com,555-02484
D0485,Laura,Hernandez,Cardiology,laura.hernandez@example.com,555-02485
D0486,Sarah,Williams,Pediatrics,sarah.williams@example.com,555-02486
D0487,James,Hernandez,Oncology,james.hernandez@example.com,555-02487
D0488,Laura,Jones,Pediatrics,laura.jones@example.com,555-02488
D0489,David,Johnson,Orthopedics,david.johnson@example.com,555-02489
D0490,Maria,Williams,Pediatrics,maria.williams@example.com,555-02490
D0491,Sarah,Hernandez,Oncology,sarah.hernandez@example.com,555-02491
D0492,Laura,Hernandez,Neurology,laura.hernandez@example.com,555-02492
D0493,James,Jones,Cardiology,james.jones@example.com,555-02493
D0494,Maria,Hernandez,Orthopedics,maria.hernandez@example.com,555-02494
D0495,James,Garcia,Orthopedics,james.garcia@example.com,555-02495
D0496,James,Williams,Cardiology,james.williams@example.com,555-02496
D0497,Robert,Johnson,Pediatrics,robert.johnson@example.com,555-02497
D0498,Robert,Garcia,Pediatrics,robert.garcia@example.com,555-02498
D0499,Sarah,Garcia,Orthopedics,sarah.garcia@example.com,555-02499
D0500,Laura,Williams,Cardiology,laura.williams@example.com,555-02500
D0501,Maria,Garcia,Neurology,maria.garcia@example.com,555-02501
D0502,Sarah,Garcia,Orthopedics,sarah.garcia@example.com,555-02502
D0503,Laura,Jones,Cardiology,laura.jones@example.com,555-02503
D0504,Maria,Garcia,Neurology,maria.garcia@example.com,555-02504
D0505,Robert,Johnson,Orthopedics,robert.johnson@example.com,555-02505
D0506,Laura,Hernandez,Neurology,laura.hernandez@example.com,555-02506
D0507,Sarah,Williams,Oncology,sarah.williams@example.com,555-02507
D0508,David,Williams,Neurology,david.williams@example.com,555-02508
D0509,Maria,Garcia,Oncology,maria.garcia@example.com,555-02509
D0510,James,Hernandez,Pediatrics,james.hernandez@example.com,555-02510
D0511,Laura,Garcia,Cardiology,laura.garcia@example.com,555-02511
D0512,Laura,Martinez,Pediatrics,laura.martinez@example.com,555-02512
D0513,Laura,Hernandez,Orthopedics,laura.hernandez@example.com,555-02513
D0514,Robert,Jones,Orthopedics,robert.jones@example.com,555-02514
D0515,James,Martinez,Pediatrics,james.martinez@example.com,555-02515
D0516,David,Garcia,Oncology,david.garcia@example.com,555-02516
D0517,James,Garcia,Pediatrics,james.garcia@example.com,555-02517
D0518,Laura,Williams,Cardiology,laura.williams@example.com,555-02518
D0519,Robert,Williams,Orthopedics,robert.williams@example.com,555-02519
D0520,Robert,Garcia,Pediatrics,robert.garcia@example.com,555-02520
D0521,Maria,Garcia,Neurology,maria.garcia@example.com,555-02521
D0522,David,Williams,Cardiology,david.williams@example.com,555-02522
D0523,David,Jones,Oncology,david.jones@example.com,555-02523
D0524,Robert,Johnson,Oncology,robert.johnson@example.com,555-02524
D0525,James,Hernandez,Oncology,james.hernandez@example.com,555-02525
D0526,Laura,Johnson,Oncology,laura.johnson@example.com,555-02526
D0527,Laura,Hernandez,Neurology,laura.hernandez@example.com,555-02527
D0528,James,Jones,Oncology,james.jones@example.com,555-02528
D0529,Laura,Johnson,Neurology,laura.johnson@example.com,555-02529
D0530,Laura,Jones,Pediatrics,laura.jones@example.com,555-02530
D0531,James,Hernandez,Cardiology,james.hernandez@example.com,555-02531
D0532,Laura,Jones,Orthopedics,laura.jones@example.com,555-02532
D0533,Robert,Williams,Neurology,robert.williams@example.com,555-02533
D0534,Laura,Jones,Cardiology,laura.jones@example.com,555-02534
D0535,Sarah,Garcia,Neurology,sarah.garcia@example.com,555-02535
D0536,Sarah,Garcia,Orthopedics,sarah.garcia@example.com,555-02536
D0537,Maria,Garcia,Orthopedics,maria.garcia@example.com,555-02537
D0538,Sarah,Jones,Orthopedics,sarah.jones@example.com,555-02538
D0539,David,Johnson,Orthopedics,david.johnson@example.com,555-02539
D0540,Sarah,Hernandez,Orthopedics,sarah.hernandez@example.com,555-02540
D0541,Robert,Hernandez,Orthopedics,robert.hernandez@example.com,555-02541
D0542,James,Hernandez,Cardiology,james.hernandez@example.com,555-02542
D0543,Sarah,Martinez,Oncology,sarah.martinez@example.com,555-02543
D0544,David,Jones,Orthopedics,david.jones@example.com,555-02544
D0545,James,Jones,Orthopedics,james.jones@example.com,555-02545
D0546,David,Williams,Pediatrics,david.williams@example.com,555-02546
D0547,Laura,Martinez,Orthopedics,laura.martinez@example.com,555-02547
D0548,Robert,Martinez,Pediatrics,robert.martinez@example.com,555-02548
D0549,Maria,Jones,Pediatrics,maria.jones@example.com,555-02549
D0550,Sarah,Garcia,Orthopedics,sarah.garcia@example.com,555-02550
D0551,Robert,Jones,Pediatrics,robert.jones@example.com,555-02551
D0552,David,Garcia,Orthopedics,david.garcia@example.com,555-02552
D0553,Laura,Garcia,Neurology,laura.garcia@example.com,555-02553
D0554,Maria,Hernandez,Pediatrics,maria.hernandez@example.com,555-02554
D0555,Maria,Hernandez,Oncology,maria.hernandez@example.com,555-02555
D0556,Laura,Jones,Orthopedics,laura.jones@example.com,555-02556
D0557,Sarah,Martinez,Pediatrics,sarah.martinez@example.com,555-02557
D0558,David,Hernandez,Neurology,david.hernandez@example.com,555-02558
D0559,David,Johnson,Neurology,david.johnson@example.com,555-02559
D0560,Robert,Garcia,Orthopedics,robert.garcia@example.com,555-02560
D0561,David,Martinez,Oncology,david.martinez@example.com,555-02561
D0562,David,Hernandez,Cardiology,david.hernandez@example.com,555-02562
D0563,Laura,Williams,Cardiology,laura.williams@example.com,555-02563
D0564,Laura,Garcia,Pediatrics,laura.garcia@example.com,555-02564
D0565,Maria,Hernandez,Pediatrics,maria.hernandez@example.com,555-02565
D0566,James,Williams,Cardiology,james.williams@example.com,555-02566
D0567,Robert,Martinez,Cardiology,robert.martinez@example.com,555-02567
D0568,Robert,Hernandez,Oncology,robert.hernandez@example.com,555-02568
D0569,Robert,Jones,Oncology,robert.jones@example.com,555-02569
D0570,David,Hernandez,Cardiology,david.hernandez@example.com,555-02570
D0571,David,Williams,Orthopedics,david.williams@example.com,555-02571
D0572,Robert,Martinez,Neurology,robert.martinez@example.com,555-02572
D0573,David,Hernandez,Oncology,david.hernandez@example.com,555-02573
D0574,Laura,Martinez,Pediatrics,laura.martinez@example.com,555-02574
D0575,Sarah,Hernandez,Neurology,sarah.hernandez@example.com,555-02575
D0576,Maria,Jones,Orthopedics,maria.jones@example.com,555-02576
D0577,Sarah,Williams,Orthopedics,sarah.williams@example.com,555-02577
D0578,Robert,Jones,Neurology,robert.jones@example.com,555-02578
D0579,Maria,Williams,Oncology,maria.williams@example.com,555-02579
D0580,Robert,Hernandez,Oncology,robert.hernandez@example.com,555-02580
D0581,Sarah,Williams,Cardiology,sarah.williams@example.com,555-02581
D0582,Laura,Garcia,Cardiology,laura.garcia@example.com,555-02582
D0583,Maria,Garcia,Oncology,maria.garcia@example.com,555-02583
D0584,Sarah,Williams,Oncology,sarah.williams@example.com,555-02584
D0585,Maria,Martinez,Cardiology,maria.martinez@example.com,555-02585
D0586,James,Garcia,Pediatrics,james.garcia@example.com,555-02586
D0587,Maria,Hernandez,Cardiology,maria.hernandez@example.com,555-02587
D0588,James,Garcia,Pediatrics,james.garcia@example.com,555-02588
D0589,Robert,Johnson,Cardiology,robert.johnson@example.com,555-02589
D0590,David,Martinez,Oncology,david.martinez@example.com,555-02590
D0591,Laura,Johnson,Oncology,laura.johnson@example.com,555-02591
D0592,Robert,Martinez,Cardiology,robert.martinez@example.com,555-02592
D0593,Laura,Williams,Neurology,laura.williams@example.com,555-02593
D0594,Laura,Hernandez,Pediatrics,laura.hernandez@example.com,555-02594
D0595,Robert,Martinez,Orthopedics,robert.martinez@example.com,555-02595
D0596,James,Garcia,Orthopedics,james.garcia@example.com,555-02596
D0597,David,Garcia,Oncology,david.garcia@example.com,555-02597
D0598,James,Garcia,Cardiology,james.garcia@example.com,555-02598
D0599,David,Jones,Pediatrics,david.jones@example.com,555-02599
D0600,James,Jones,Orthopedics,james.jones@example.com,555-02600
D0601,David,Hernandez,Neurology,david.hernandez@example.com,555-02601
D0602,David,Johnson,Pediatrics,david.johnson@example.com,555-02602
D0603,James,Johnson,Pediatrics,james.johnson@example.com,555-02603
D0604,Maria,Martinez,Oncology,maria.martinez@example.com,555-02604
D0605,Sarah,Hernandez,Oncology,sarah.hernandez@example.com,555-02605
D0606,David,Martinez,Cardiology,david.martinez@example.com,555-02606
D0607,Maria,Jones,Orthopedics,maria.jones@example.com,555-02607
D0608,David,Jones,Orthopedics,david.jones@example.com,555-02608
D0609,Robert,Martinez,Oncology,robert.martinez@example.com,555-02609
D0610,Robert,Garcia,Cardiology,robert.garcia@example.com,555-02610
D0611,Sarah,Jones,Oncology,sarah.jones@example.com,555-02611
D0612,Laura,Williams,Cardiology,laura.williams@example.com,555-02612
D0613,Laura,Johnson,Oncology,laura.johnson@example.com,555-02613
D0614,James,Williams,Orthopedics,james.williams@example.com,555-02614
D0615,James,Garcia,Oncology,james.garcia@example.com,555-02615
D0616,Robert,Hernandez,Orthopedics,robert.hernandez@example.com,555-02616
D0617,James,Hernandez,Orthopedics,james.hernandez@example.com,555-02617
D0618,James,Garcia,Cardiology,james.garcia@example.com,555-02618
D0619,Laura,Martinez,Neurology,laura.martinez@example.com,555-02619
D0620,Sarah,Garcia,Pediatrics,sarah.garcia@example.com,555-02620
D0621,James,Hernandez,Orthopedics,james.hernandez@example.com,555-02621
D0622,Maria,Martinez,Oncology,maria.martinez@example.com,555-02622
D0623,Robert,Martinez,Cardiology,robert.martinez@example.com,555-02623
D0624,David,Williams,Oncology,david.williams@example.com,555-02624
D0625,Robert,Hernandez,Cardiology,robert.hernandez@example.com,555-02625
D0626,David,Martinez,Orthopedics,david.martinez@example.com,555-02626
D0627,David,Hernandez,Pediatrics,david.hernandez@example.com,555-02627
D0628,David,Williams,Pediatrics,david.williams@example.com,555-02628
D0629,David,Garcia,Orthopedics,david.garcia@example.com,555-02629
D0630,Sarah,Hernandez,Pediatrics,sarah.hernandez@example.com,555-02630
D0631,Laura,Hernandez,Cardiology,laura.hernandez@example.com,555-02631
D0632,Maria,Martinez,Pediatrics,maria.martinez@example.com,555-02632
D0633,James,Garcia,Oncology,james.garcia@example.com,555-02633
D0634,Sarah,Jones,Oncology,sarah.jones@example.com,555-02634
D0635,Laura,Martinez,Oncology,laura.martinez@example.com,555-02635
D0636,James,Jones,Pediatrics,james.jones@example.com,555-02636
D0637,James,Garcia,Oncology,james.garcia@example.com,555-02637
D0638,Maria,Williams,Pediatrics,maria.williams@example.com,555-02638
D0639,Laura,Martinez,Neurology,laura.martinez@example.com,555-02639
D0640,David,Martinez,Pediatrics,david.martinez@example.com,555-02640
D0641,James,Jones,Oncology,james.jones@example.com,555-02641
D0642,David,Hernandez,Cardiology,david.hernandez@example.com,555-02642
D0643,Robert,Hernandez,Cardiology,robert.hernandez@example.com,555-02643
D0644,Robert,Garcia,Cardiology,robert.garcia@example.com,555-02644
D0645,Maria,Jones,Neurology,maria.jones@example.com,555-02645
D0646,David,Martinez,Cardiology,david.martinez@example.com,555-02646
D0647,James,Hernandez,Oncology,james.hernandez@example.com,555-02647
D0648,Laura,Williams,Orthopedics,laura.williams@example.com,555-02648
D0649,James,Garcia,Orthopedics,james.garcia@example.com,555-02649
D0650,Sarah,Hernandez,Orthopedics,sarah.hernandez@example.com,555-02650
D0651,Laura,Hernandez,Neurology,laura.hernandez@example.com,555-02651
D0652,Sarah,Williams,Orthopedics,sarah.williams@example.com,555-02652
D0653,James,Martinez,Orthopedics,james.martinez@example.com,555-02653
D0654,Robert,Jones,Pediatrics,robert.jones@example.com,555-02654
D0655,David,Garcia,Orthopedics,david.garcia@example.com,555-02655
D0656,Laura,Garcia,Pediatrics,laura.garcia@example.com,555-02656
D0657,David,Garcia,Oncology,david.garcia@example.com,555-02657
D0658,Robert,Martinez,Pediatrics,robert.martinez@example.com,555-02658
D0659,David,Jones,Cardiology,david.jones@example.com,555-02659
D0660,Laura,Martinez,Orthopedics,laura.martinez@example.com,555-02660
D0661,Laura,Johnson,Orthopedics,laura.johnson@example.com,555-02661
D0662,David,Garcia,Neurology,david.garcia@example.com,555-02662
D0663,James,Williams,Pediatrics,james.williams@example.com,555-02663
D0664,Laura,Williams,Cardiology,laura.williams@example.com,555-02664
D0665,Robert,Hernandez,Pediatrics,robert.hernandez@example.com,555-02665
D0666,David,Jones,Cardiology,david.jones@example.com,555-02666
D0667,James,Jones,Oncology,james.jones@example.com,555-02667
D0668,Laura,Garcia,Neurology,laura.garcia@example.com,555-02668
D0669,David,Johnson,Pediatrics,david.johnson@example.com,555-02669
D0670,Robert,Jones,Orthopedics,robert.jones@example.com,555-02670
D0671,Sarah,Jones,Orthopedics,sarah.jones@example.com,555-02671
D0672,Sarah,Martinez,Orthopedics,sarah.martinez@example.com,555-02672
D0673,Robert,Garcia,Neurology,robert.garcia@example.com,555-02673
D0674,James,Williams,Cardiology,james.williams@example.com,555-02674
D0675,Robert,Williams,Neurology,robert.williams@example.com,555-02675
D0676,David,Williams,Neurology,david.williams@example.com,555-02676
D0677,David,Hernandez,Oncology,david.hernandez@example.com,555-02677
D0678,James,Jones,Pediatrics,james.jones@example.com,555-02678
D0679,Maria,Jones,Oncology,maria.jones@example.com,555-02679
D0680,Robert,Martinez,Orthopedics,robert.martinez@example.com,555-02680
D0681,David,Martinez,Orthopedics,david.martinez@example.com,555-02681
D0682,Maria,Johnson,Cardiology,maria.johnson@example.com,555-02682
D0683,David,Hernandez,Cardiology,david.hernandez@example.com,555-02683
D0684,James,Garcia,Cardiology,james.garcia@example.com,555-02684
D0685,Sarah,Williams,Orthopedics,sarah.williams@example.com,555-02685
D0686,Robert,Williams,Orthopedics,robert.williams@example.com,555-02686
D0687,Sarah,Jones,Pediatrics,sarah.jones@example.com,555-02687
D0688,Robert,Hernandez,Pediatrics,robert.hernandez@example.com,555-02688
D0689,Sarah,Johnson,Pediatrics,sarah.johnson@example.com,555-02689
D0690,James,Jones,Neurology,james.jones@example.com,555-02690
D0691,David,Jones,Oncology,david.jones@example.com,555-02691
D0692,Laura,Johnson,Orthopedics,laura.johnson@example.com,555-02692
D0693,James,Garcia,Orthopedics,james.garcia@example.com,555-02693
D0694,Robert,Johnson,Orthopedics,robert.johnson@example.com,555-02694
D0695,Sarah,Martinez,Orthopedics,sarah.martinez@example.com,555-02695
D0696,Robert,Williams,Cardiology,robert.williams@example.com,555-02696
D0697,Robert,Williams,Cardiology,robert.williams@example.com,555-02697
D0698,Laura,Hernandez,Orthopedics,laura.hernandez@example.com,555-02698
D0699,David,Williams,Cardiology,david.williams@example.com,555-02699
D0700,Robert,Jones,Pediatrics,robert.jones@example.com,555-02700
D0701,David,Martinez,Oncology,david.martinez@example.com,555-02701
D0702,David,Williams,Pediatrics,david.williams@example.com,555-02702
D0703,Sarah,Johnson,Neurology,sarah.johnson@example.com,555-02703
D0704,Robert,Johnson,Orthopedics,robert.johnson@example.com,555-02704
D0705,James,Hernandez,Pediatrics,james.hernandez@example.com,555-02705
D0706,James,Jones,Cardiology,james.jones@example.com,555-02706
D0707,David,Johnson,Pediatrics,david.johnson@example.com,555-02707
D0708,Maria,Jones,Neurology,maria.jones@example.com,555-02708
D0709,David,Hernandez,Pediatrics,david.hernandez@example.com,555-02709
D0710,Sarah,Hernandez,Orthopedics,sarah.hernandez@example.com,555-02710
D0711,Maria,Martinez,Oncology,maria.martinez@example.com,555-02711
D0712,James,Jones,Neurology,james.jones@example.com,555-02712
D0713,Sarah,Johnson,Orthopedics,sarah.johnson@example.com,555-02713
D0714,Maria,Johnson,Oncology,maria.johnson@example.com,555-02714
D0715,Robert,Johnson,Pediatrics,robert.johnson@example.com,555-02715
D0716,Sarah,Jones,Cardiology,sarah.jones@example.com,555-02716
D0717,Robert,Hernandez,Neurology,robert.hernandez@example.com,555-02717
D0718,James,Hernandez,Orthopedics,james.hernandez@example.com,555-02718
D0719,Sarah,Jones,Neurology,sarah.jones@example.com,555-02719
D0720,Robert,Hernandez,Neurology,robert.hernandez@example.com,555-02720
D0721,James,Jones,Neurology,james.jones@example.com,555-02721
D0722,Laura,Garcia,Cardiology,laura.garcia@example.com,555-02722
D0723,Robert,Jones,Pediatrics,robert.jones@example.com,555-02723
D0724,Sarah,Jones,Pediatrics,sarah.jones@example.com,555-02724
D0725,James,Martinez,Cardiology,james.martinez@example.com,555-02725
D0726,Sarah,Johnson,Oncology,sarah.johnson@example.com,555-02726
D0727,Robert,Williams,Cardiology,robert.williams@example.com,555-02727
D0728,Maria,Hernandez,Orthopedics,maria.hernandez@example.com,555-02728
D0729,Sarah,Jones,Cardiology,sarah.jones@example.com,555-02729
D0730,Robert,Martinez,Oncology,robert.martinez@example.com,555-02730
D0731,David,Garcia,Neurology,david.garcia@example.com,555-02731
D0732,Sarah,Johnson,Cardiology,sarah.johnson@example.com,555-02732
D0733,James,Jones,Cardiology,james.jones@example.com,555-02733
D0734,James,Williams,Oncology,james.williams@example.com,555-02734
D0735,Laura,Williams,Pediatrics,laura.williams@example.com,555-02735
D0736,David,Williams,Oncology,david.williams@example.com,555-02736
D0737,David,Martinez,Oncology,david.martinez@example.com,555-02737
D0738,Maria,Hernandez,Oncology,maria.hernandez@example.com,555-02738
D0739,Robert,Garcia,Orthopedics,robert.garcia@example.com,555-02739
D0740,Robert,Williams,Neurology,robert.williams@example.com,555-02740
D0741,Robert,Jones,Pediatrics,robert.jones@example.com,555-02741
D0742,Sarah,Garcia,Pediatrics,sarah.garcia@example.com,555-02742
D0743,James,Jones,Orthopedics,james.jones@example.com,555-02743
D0744,Maria,Martinez,Orthopedics,maria.martinez@example.com,555-02744
D0745,Sarah,Johnson,Pediatrics,sarah.johnson@example.com,555-02745
D0746,Maria,Garcia,Cardiology,maria.garcia@example.com,555-02746
D0747,Robert,Jones,Oncology,robert.jones@example.com,555-02747
D0748,Sarah,Martinez,Pediatrics,sarah.martinez@example.com,555-02748
D0749,Sarah,Jones,Orthopedics,sarah.jones@example.com,555-02749
D0750,James,Hernandez,Pediatrics,james.hernandez@example.com,555-02750
D0751,Maria,Martinez,Pediatrics,maria.martinez@example.com,555-02751
D0752,David,Jones,Pediatrics,david.jones@example.com,555-02752
D0753,Robert,Williams,Pediatrics,robert.williams@example.com,555-02753
D0754,James,Garcia,Pediatrics,james.garcia@example.com,555-02754
D0755,Sarah,Martinez,Cardiology,sarah.martinez@example.com,555-02755
D0756,Sarah,Williams,Oncology,sarah.williams@example.com,555-02756
D0757,Sarah,Hernandez,Orthopedics,sarah.hernandez@example.com,555-02757
D0758,David,Garcia,Pediatrics,david.garcia@example.com,555-02758
D0759,James,Williams,Pediatrics,james.williams@example.com,555-02759
D0760,Robert,Martinez,Cardiology,robert.martinez@example.com,555-02760
D0761,David,Garcia,Pediatrics,david.garcia@example.com,555-02761
D0762,David,Jones,Orthopedics,david.jones@example.com,555-02762
D0763,Sarah,Hernandez,Orthopedics,sarah.hernandez@example.com,555-02763
D0764,James,Hernandez,Cardiology,james.hernandez@example.com,555-02764
D0765,David,Martinez,Oncology,david.martinez@example.com,555-02765
D0766,Sarah,Johnson,Neurology,sarah.johnson@example.com,555-02766
D0767,James,Johnson,Neurology,james.johnson@example.com,555-02767
D0768,Robert,Johnson,Neurology,robert.johnson@example.com,555-02768
D0769,James,Martinez,Orthopedics,james.martinez@example.com,555-02769
D0770,Laura,Garcia,Oncology,laura.garcia@example.com,555-02770
D0771,James,Martinez,Neurology,james.martinez@example.com,555-02771
D0772,James,Garcia,Oncology,james.garcia@example.com,555-02772
D0773,David,Martinez,Pediatrics,david.martinez@example.com,555-02773
D0774,Maria,Martinez,Oncology,maria.martinez@example.com,555-02774
D0775,Laura,Hernandez,Orthopedics,laura.hernandez@example.com,555-02775
D0776,James,Garcia,Oncology,james.garcia@example.com,555-02776
D0777,James,Williams,Neurology,james.williams@example.com,555-02777
D0778,Laura,Garcia,Orthopedics,laura.garcia@example.com,555-02778
D0779,Maria,Johnson,Neurology,maria.johnson@example.com,555-02779
D0780,David,Jones,Pediatrics,david.jones@example.com,555-02780
D0781,David,Garcia,Pediatrics,david.garcia@example.com,555-02781
D0782,Sarah,Martinez,Oncology,sarah.martinez@example.com,555-02782
D0783,Sarah,Hernandez,Pediatrics,sarah.hernandez@example.com,555-02783
D0784,Robert,Williams,Pediatrics,robert.williams@example.com,555-02784
D0785,David,Hernandez,Pediatrics,david.hernandez@example.com,555-02785
D0786,Sarah,Martinez,Pediatrics,sarah.martinez@example.com,555-02786
D0787,Robert,Hernandez,Neurology,robert.hernandez@example.com,555-02787
D0788,Sarah,Jones,Oncology,sarah.jones@example.com,555-02788
D0789,Laura,Hernandez,Pediatrics,laura.hernandez@example.com,555-02789
D0790,Robert,Garcia,Neurology,robert.garcia@example.com,555-02790
D0791,David,Garcia,Orthopedics,david.garcia@example.com,555-02791
D0792,Maria,Williams,Cardiology,maria.williams@example.com,555-02792
D0793,James,Garcia,Cardiology,james.garcia@example.com,555-02793
D0794,Maria,Williams,Oncology,maria.williams@example.com,555-02794
D0795,Robert,Hernandez,Cardiology,robert.hernandez@example.com,555-02795
D0796,Sarah,Garcia,Oncology,sarah.garcia@example.com,555-02796
D0797,David,Hernandez,Orthopedics,david.hernandez@example.com,555-02797
D0798,Maria,Johnson,Oncology,maria.johnson@example.com,555-02798
D0799,Sarah,Jones,Neurology,sarah.jones@example.com,555-02799
D0800,James,Johnson,Cardiology,james.johnson@example.com,555-02800
D0801,Sarah,Hernandez,Orthopedics,sarah.hernandez@example.com,555-02801
D0802,David,Garcia,Pediatrics,david.garcia@example.com,555-02802
D0803,Robert,Garcia,Pediatrics,robert.garcia@example.com,555-02803
D0804,Robert,Martinez,Pediatrics,robert.martinez@example.com,555-02804
D0805,Sarah,Jones,Oncology,sarah.jones@example.com,555-02805
D0806,Laura,Williams,Oncology,laura.williams@example.com,555-02806
D0807,James,Jones,Orthopedics,james.jones@example.com,555-02807
D0808,James,Jones,Pediatrics,james.jones@example.com,555-02808
D0809,David,Williams,Pediatrics,david.williams@example.com,555-02809
D0810,David,Williams,Neurology,david.williams@example.com,555-02810
D0811,Laura,Jones,Orthopedics,laura.jones@example.com,555-02811
D0812,David,Johnson,Pediatrics,david.johnson@example.com,555-02812
D0813,Laura,Williams,Oncology,laura.williams@example.com,555-02813
D0814,Robert,Garcia,Orthopedics,robert.garcia@example.com,555-02814
D0815,Sarah,Jones,Pediatrics,sarah.jones@example.com,555-02815
D0816,James,Hernandez,Orthopedics,james.hernandez@example.com,555-02816
D0817,Laura,Hernandez,Neurology,laura.hernandez@example.com,555-02817
D0818,Laura,Hernandez,Orthopedics,laura.hernandez@example.com,555-02818
D0819,Robert,Johnson,Neurology,robert.johnson@example.com,555-02819
D0820,David,Garcia,Neurology,david.garcia@example.com,555-02820
D0821,Sarah,Johnson,Oncology,sarah.johnson@example.com,555-02821
D0822,Robert,Jones,Cardiology,robert.jones@example.com,555-02822
D0823,James,Hernandez,Neurology,james.hernandez@example.com,555-02823
D0824,Robert,Jones,Neurology,robert.jones@example.com,555-02824
D0825,Maria,Hernandez,Pediatrics,maria.hernandez@example.com,555-02825
D0826,James,Hernandez,Neurology,james.hernandez@example.com,555-02826
D0827,Laura,Martinez,Oncology,laura.martinez@example.com,555-02827
D0828,Robert,Jones,Orthopedics,robert.jones@example.com,555-02828
D0829,Laura,Garcia,Orthopedics,laura.garcia@example.com,555-02829
D0830,Laura,Jones,Orthopedics,laura.jones@example.com,555-02830
D0831,James,Hernandez,Neurology,james.hernandez@example.com,555-02831
D0832,James,Garcia,Orthopedics,james.garcia@example.com,555-02832
D0833,Maria,Martinez,Neurology,maria.martinez@example.com,555-02833
D0834,David,Williams,Neurology,david.williams@example.com,555-02834
D0835,Sarah,Garcia,Neurology,sarah.garcia@example.com,555-02835
D0836,James,Williams,Orthopedics,james.williams@example.com,555-02836
D0837,Sarah,Hernandez,Cardiology,sarah.hernandez@example.com,555-02837
D0838,David,Martinez,Neurology,david.martinez@example.com,555-02838
D0839,David,Hernandez,Oncology,david.hernandez@example.com,555-02839
D0840,James,Hernandez,Pediatrics,james.hernandez@example.com,555-02840
D0841,David,Hernandez,Cardiology,david.hernandez@example.com,555-02841
D0842,Maria,Jones,Oncology,maria.jones@example.com,555-02842
D0843,Maria,Martinez,Cardiology,maria.martinez@example.com,555-02843
D0844,Laura,Jones,Neurology,laura.jones@example.com,555-02844
D0845,David,Garcia,Orthopedics,david.garcia@example.com,555-02845
D0846,James,Garcia,Orthopedics,james.garcia@example.com,555-02846
D0847,David,Johnson,Pediatrics,david.johnson@example.com,555-02847
D0848,Maria,Hernandez,Orthopedics,maria.hernandez@example.com,555-02848
D0849,David,Hernandez,Neurology,david.hernandez@example.com,555-02849
D0850,Maria,Martinez,Orthopedics,maria.martinez@example.com,555-02850
D0851,Sarah,Hernandez,Neurology,sarah.hernandez@example.com,555-02851
D0852,David,Jones,Neurology,david.jones@example.com,555-02852
D0853,James,Garcia,Pediatrics,james.garcia@example.com,555-02853
D0854,James,Hernandez,Cardiology,james.hernandez@example.com,555-02854
D0855,Sarah,Hernandez,Pediatrics,sarah.hernandez@example.com,555-02855
D0856,James,Martinez,Cardiology,james.martinez@example.com,555-02856
D0857,Sarah,Williams,Neurology,sarah.williams@example.com,555-02857
D0858,James,Williams,Neurology,james.williams@example.com,555-02858
D0859,Robert,Johnson,Cardiology,robert.johnson@example.com,555-02859
D0860,Laura,Martinez,Orthopedics,laura.martinez@example.com,555-02860
D0861,James,Martinez,Neurology,james.martinez@example.com,555-02861
D0862,Maria,Hernandez,Orthopedics,maria.hernandez@example.com,555-02862
D0863,Sarah,Martinez,Orthopedics,sarah.martinez@example.com,555-02863
D0864,Robert,Williams,Orthopedics,robert.williams@example.com,555-02864
D0865,David,Jones,Oncology,david.jones@example.com,555-02865
D0866,Sarah,Garcia,Orthopedics,sarah.garcia@example.com,555-02866
D0867,Robert,Jones,Neurology,robert.jones@example.com,555-02867
D0868,David,Williams,Oncology,david.williams@example.com,555-02868
D0869,James,Jones,Neurology,james.jones@example.com,555-02869
D0870,Robert,Hernandez,Oncology,robert.hernandez@example.com,555-02870
D0871,Sarah,Martinez,Neurology,sarah.martinez@example.com,555-02871
D0872,Sarah,Martinez,Cardiology,sarah.martinez@example.com,555-02872
D0873,Laura,Johnson,Neurology,laura.johnson@example.com,555-02873
D0874,Maria,Johnson,Pediatrics,maria.johnson@example.com,555-02874
D0875,Maria,Jones,Neurology,maria.jones@example.com,555-02875
D0876,David,Johnson,Oncology,david.johnson@example.com,555-02876
D0877,Maria,Martinez,Pediatrics,maria.martinez@example.com,555-02877
D0878,Maria,Hernandez,Cardiology,maria.hernandez@example.com,555-02878
D0879,Robert,Martinez,Orthopedics,robert.martinez@example.com,555-02879
D0880,James,Hernandez,Neurology,james.hernandez@example.com,555-02880
D0881,Sarah,Johnson,Cardiology,sarah.johnson@example.com,555-02881
D0882,Maria,Martinez,Oncology,maria.martinez@example.com,555-02882
D0883,David,Martinez,Cardiology,david.martinez@example.com,555-02883
D0884,Robert,Hernandez,Oncology,robert.hernandez@example.com,555-02884
D0885,Laura,Garcia,Neurology,laura.garcia@example.com,555-02885
D0886,Sarah,Martinez,Orthopedics,sarah.martinez@example.com,555-02886
D0887,Maria,Garcia,Pediatrics,maria.garcia@example.com,555-02887
D0888,Sarah,Garcia,Orthopedics,sarah.garcia@example.com,555-02888
D0889,David,Hernandez,Orthopedics,david.hernandez@example.com,555-02889
D0890,David,Garcia,Oncology,david.garcia@example.com,555-02890
D0891,Maria,Johnson,Cardiology,maria.johnson@example.com,555-02891
D0892,Maria,Jones,Orthopedics,maria.jones@example.com,555-02892
D0893,Maria,Hernandez,Oncology,maria.hernandez@example.com,555-02893
D0894,David,Johnson,Orthopedics,david.johnson@example.com,555-02894
D0895,David,Garcia,Oncology,david.garcia@example.com,555-02895
D0896,Sarah,Martinez,Pediatrics,sarah.martinez@example.com,555-02896
D0897,Sarah,Garcia,Pediatrics,sarah.garcia@example.com,555-02897
D0898,Robert,Johnson,Oncology,robert.johnson@example.com,555-02898
D0899,Laura,Williams,Neurology,laura.williams@example.com,555-02899
D0900,James,Garcia,Oncology,james.garcia@example.com,555-02900
D0901,Maria,Garcia,Cardiology,maria.garcia@example.com,555-02901
D0902,David,Jones,Neurology,david.jones@example.com,555-02902
D0903,James,Hernandez,Orthopedics,james.hernandez@example.com,555-02903
D0904,Robert,Johnson,Orthopedics,robert.johnson@example.com,555-02904
D0905,Sarah,Hernandez,Pediatrics,sarah.hernandez@example.com,555-02905
D0906,Maria,Hernandez,Orthopedics,maria.hernandez@example.com,555-02906
D0907,Sarah,Martinez,Oncology,sarah.martinez@example.com,555-02907
D0908,Laura,Martinez,Oncology,laura.martinez@example.com,555-02908
D0909,James,Martinez,Cardiology,james.martinez@example.com,555-02909
D0910,Laura,Williams,Neurology,laura.williams@example.com,555-02910
D0911,James,Hernandez,Neurology,james.hernandez@example.com,555-02911
D0912,David,Johnson,Pediatrics,david.johnson@example.com,555-02912
D0913,Laura,Johnson,Neurology,laura.johnson@example.com,555-02913
D0914,Laura,Martinez,Neurology,laura.martinez@example.com,555-02914
D0915,David,Martinez,Neurology,david.martinez@example.com,555-02915
D0916,David,Williams,Neurology,david.williams@example.com,555-02916
D0917,Laura,Jones,Pediatrics,laura.jones@example.com,555-02917
D0918,Laura,Jones,Pediatrics,laura.jones@example.com,555-02918
D0919,Robert,Hernandez,Pediatrics,robert.hernandez@example.com,555-02919
D0920,Robert,Johnson,Orthopedics,robert.johnson@example.com,555-02920
D0921,Laura,Williams,Pediatrics,laura.williams@example.com,555-02921
D0922,Laura,Jones,Cardiology,laura.jones@example.com,555-02922
D0923,Maria,Martinez,Cardiology,maria.martinez@example.com,555-02923
D0924,James,Williams,Pediatrics,james.williams@example.com,555-02924
D0925,David,Hernandez,Neurology,david.hernandez@example.com,555-02925
D0926,Laura,Johnson,Neurology,laura.johnson@example.com,555-02926
D0927,Maria,Jones,Pediatrics,maria.jones@example.com,555-02927
D0928,Sarah,Williams,Cardiology,sarah.williams@example.com,555-02928
D0929,Maria,Garcia,Cardiology,maria.garcia@example.com,555-02929
D0930,Laura,Jones,Cardiology,laura.jones@example.com,555-02930
D0931,Robert,Johnson,Pediatrics,robert.johnson@example.com,555-02931
D0932,Maria,Johnson,Neurology,maria.johnson@example.com,555-02932
D0933,Sarah,Garcia,Cardiology,sarah.garcia@example.com,555-02933
D0934,James,Williams,Cardiology,james.williams@example.com,555-02934
D0935,Maria,Martinez,Orthopedics,maria.martinez@example.com,555-02935
D0936,Robert,Garcia,Pediatrics,robert.garcia@example.com,555-02936
D0937,James,Garcia,Orthopedics,james.garcia@example.com,555-02937
D0938,James,Jones,Neurology,james.jones@example.com,555-02938
D0939,Sarah,Garcia,Oncology,sarah.garcia@example.com,555-02939
D0940,Sarah,Williams,Orthopedics,sarah.williams@example.com,555-02940
D0941,Maria,Martinez,Orthopedics,maria.martinez@example.com,555-02941
D0942,Laura,Garcia,Pediatrics,laura.garcia@example.com,555-02942
D0943,Laura,Garcia,Orthopedics,laura.garcia@example.com,555-02943
D0944,David,Williams,Oncology,david.williams@example.com,555-02944
D0945,Laura,Johnson,Neurology,laura.johnson@example.com,555-02945
D0946,Maria,Williams,Oncology,maria.williams@example.com,555-02946
D0947,Maria,Hernandez,Oncology,maria.hernandez@example.com,555-02947
D0948,Laura,Johnson,Orthopedics,laura.johnson@example.com,555-02948
D0949,Robert,Garcia,Cardiology,robert.garcia@example.com,555-02949
D0950,Sarah,Martinez,Cardiology,sarah.martinez@example.com,555-02950
D0951,Robert,Johnson,Pediatrics,robert.johnson@example.com,555-02951
D0952,Sarah,Jones,Cardiology,sarah.jones@example.com,555-02952
D0953,Sarah,Williams,Oncology,sarah.williams@example.com,555-02953
D0954,Laura,Johnson,Cardiology,laura.johnson@example.com,555-02954
D0955,Laura,Martinez,Neurology,laura.martinez@example.com,555-02955
D0956,James,Jones,Oncology,james.jones@example.com,555-02956
D0957,James,Williams,Neurology,james.williams@example.com,555-02957
D0958,Sarah,Hernandez,Pediatrics,sarah.hernandez@example.com,555-02958
D0959,James,Garcia,Oncology,james.garcia@example.com,555-02959
D0960,Laura,Jones,Orthopedics,laura.jones@example.com,555-02960
D0961,Sarah,Hernandez,Cardiology,sarah.hernandez@example.com,555-02961
D0962,Sarah,Jones,Cardiology,sarah.jones@example.com,555-02962
D0963,Sarah,Garcia,Neurology,sarah.garcia@example.com,555-02963
D0964,Laura,Hernandez,Cardiology,laura.hernandez@example.com,555-02964
D0965,Laura,Williams,Orthopedics,laura.williams@example.com,555-02965
D0966,Maria,Williams,Orthopedics,maria.williams@example.com,555-02966
D0967,Sarah,Garcia,Neurology,sarah.garcia@example.com,555-02967
D0968,James,Martinez,Orthopedics,james.martinez@example.com,555-02968
D0969,Laura,Hernandez,Oncology,laura.hernandez@example.com,555-02969
D0970,Sarah,Garcia,Pediatrics,sarah.garcia@example.com,555-02970
D0971,James,Jones,Neurology,james.jones@example.com,555-02971
D0972,Maria,Johnson,Neurology,maria.johnson@example.com,555-02972
D0973,David,Williams,Orthopedics,david.williams@example.com,555-02973
D0974,Laura,Martinez,Pediatrics,laura.martinez@example.com,555-02974
D0975,David,Johnson,Pediatrics,david.johnson@example.com,555-02975
D0976,James,Williams,Oncology,james.williams@example.com,555-02976
D0977,James,Williams,Pediatrics,james.williams@example.com,555-02977
D0978,Robert,Johnson,Neurology,robert.johnson@example.com,555-02978
D0979,Maria,Jones,Cardiology,maria.jones@example.com,555-02979
D0980,James,Garcia,Orthopedics,james.garcia@example.com,555-02980
D0981,James,Hernandez,Neurology,james.hernandez@example.com,555-02981
D0982,James,Garcia,Neurology,james.garcia@example.com,555-02982
D0983,Maria,Johnson,Cardiology,maria.johnson@example.com,555-02983
D0984,Sarah,Williams,Cardiology,sarah.williams@example.com,555-02984
D0985,Robert,Martinez,Cardiology,robert.martinez@example.com,555-02985
D0986,Maria,Johnson,Orthopedics,maria.johnson@example.com,555-02986
D0987,David,Williams,Orthopedics,david.williams@example.com,555-02987
D0988,Robert,Williams,Oncology,robert.williams@example.com,555-02988
D0989,Sarah,Hernandez,Neurology,sarah.hernandez@example.com,555-02989
D0990,Maria,Jones,Orthopedics,maria.jones@example.com,555-02990
D0991,Maria,Garcia,Neurology,maria.garcia@example.com,555-02991
D0992,James,Hernandez,Pediatrics,james.hernandez@example.com,555-02992
D0993,Maria,Garcia,Oncology,maria.garcia@example.com,555-02993
D0994,Robert,Johnson,Orthopedics,robert.johnson@example.com,555-02994
D0995,David,Hernandez,Pediatrics,david.hernandez@example.com,555-02995
D0996,Sarah,Hernandez,Neurology,sarah.hernandez@example.com,555-02996
D0997,Laura,Garcia,Cardiology,laura.garcia@example.com,555-02997
D0998,Laura,Johnson,Orthopedics,laura.johnson@example.com,555-02998
D0999,Maria,Garcia,Neurology,maria.garcia@example.com,555-02999
D1000,Laura,Garcia,Oncology,laura.garcia@example.com,555-021000
