NurseID,FirstName,LastName,Department,PhoneNumber
N0001,Olivia,Garcia,Emergency,555-03001
N0002,Sophia,Garcia,Pediatrics,555-03002
N0003,Olivia,Thompson,Pediatrics,555-03003
N0004,Olivia,White,General,555-03004
N0005,Olivia,White,ICU,555-03005
N0006,Emily,Thompson,ICU,555-03006
N0007,Emily,Harris,General,555-03007
N0008,Sophia,Thompson,Emergency,555-03008
N0009,Emily,Garcia,Pediatrics,555-03009
N0010,Sophia,Martin,Emergency,555-03010
N0011,Olivia,Garcia,ICU,555-03011
N0012,Sophia,Harris,General,555-03012
N0013,Ava,Thompson,General,555-03013
N0014,Emma,Harris,Emergency,555-03014
N0015,Ava,White,Pediatrics,555-03015
N0016,Emily,White,Emergency,555-03016
N0017,Sophia,White,General,555-03017
N0018,Ava,Thompson,General,555-03018
N0019,Emily,Martin,Emergency,555-03019
N0020,Sophia,Harris,General,555-03020
N0021,Emily,Harris,ICU,555-03021
N0022,Emily,Garcia,ICU,555-03022
N0023,Ava,Thompson,General,555-03023
N0024,Ava,Garcia,Pediatrics,555-03024
N0025,Emily,Martin,Pediatrics,555-03025
N0026,Ava,Martin,General,555-03026
N0027,Ava,Garcia,General,555-03027
N0028,Sophia,Martin,General,555-03028
N0029,Sophia,Harris,General,555-03029
N0030,Sophia,Martin,ICU,555-03030
N0031,Sophia,Martin,Pediatrics,555-03031
N0032,Emma,Harris,ICU,555-03032
N0033,Emily,Martin,General,555-03033
N0034,Emily,Thompson,ICU,555-03034
N0035,Ava,Martin,Pediatrics,555-03035
N0036,Ava,White,Emergency,555-03036
N0037,Ava,Thompson,ICU,555-03037
N0038,Emma,Martin,Pediatrics,555-03038
N0039,Olivia,Garcia,ICU,555-03039
N0040,Emily,White,General,555-03040
N0041,Emma,Thompson,Pediatrics,555-03041
N0042,Olivia,Thompson,ICU,555-03042
N0043,Olivia,Garcia,General,555-03043
N0044,Ava,Martin,Emergency,555-03044
N0045,Emma,Garcia,Pediatrics,555-03045
N0046,Emily,Harris,Pediatrics,555-03046
N0047,Olivia,Thompson,General,555-03047
N0048,Sophia,White,General,555-03048
N0049,Olivia,Garcia,ICU,555-03049
N0050,Emily,Thompson,Emergency,555-03050
N0051,Olivia,Martin,General,555-03051
N0052,Sophia,Martin,Emergency,555-03052
N0053,Emily,Martin,Emergency,555-03053
N0054,Emma,Thompson,Pediatrics,555-03054
N0055,Emma,Thompson,Emergency,555-03055
N0056,Emily,Harris,Emergency,555-03056
N0057,Sophia,Harris,ICU,555-03057
N0058,Olivia,Garcia,Emergency,555-03058
N0059,Olivia,Thompson,Emergency,555-03059
N0060,Emily,White,Pediatrics,555-03060
N0061,Emily,Martin,General,555-03061
N0062,Emily,Harris,General,555-03062
N0063,Emma,White,General,555-03063
N0064,Olivia,Thompson,General,555-03064
N0065,Emma,Thompson,Emergency,555-03065
N0066,Ava,Harris,Emergency,555-03066
N0067,Emily,Thompson,ICU,555-03067
N0068,Sophia,White,Emergency,555-03068
N0069,Olivia,White,ICU,555-03069
N0070,Emily,Harris,Pediatrics,555-03070
N0071,Emily,Martin,ICU,555-03071
N0072,Sophia,White,General,555-03072
N0073,Ava,Garcia,General,555-03073
N0074,Olivia,Harris,Emergency,555-03074
N0075,Sophia,Garcia,Emergency,555-03075
N0076,Emily,Martin,Emergency,555-03076
N0077,Emma,White,Pediatrics,555-03077
N0078,Emily,Martin,General,555-03078
N0079,Emma,White,General,555-03079
N0080,Olivia,Garcia,Pediatrics,555-03080
N0081,Emma,Garcia,Emergency,555-03081
N0082,Ava,White,Emergency,555-03082
N0083,Emma,Thompson,General,555-03083
N0084,Sophia,White,ICU,555-03084
N0085,Emma,Harris,Emergency,555-03085
N0086,Emily,Garcia,ICU,555-03086
N0087,Olivia,Martin,General,555-03087
N0088,Emily,Martin,ICU,555-03088
N0089,Emma,White,Pediatrics,555-03089
N0090,Emma,Thompson,Pediatrics,555-03090
N0091,Emily,Harris,General,555-03091
N0092,Sophia,Thompson,General,555-03092
N0093,Sophia,Martin,Emergency,555-03093
N0094,Emily,White,Emergency,555-03094
N0095,Emily,Thompson,General,555-03095
N0096,Ava,White,ICU,555-03096
N0097,Sophia,Harris,General,555-03097
N0098,Emma,White,ICU,555-03098
N0099,Emma,Thompson,Emergency,555-03099
N0100,Emma,Garcia,Pediatrics,555-03100
N0101,Emma,White,General,555-03101
N0102,Sophia,Thompson,General,555-03102
N0103,Emily,White,Emergency,555-03103
N0104,Emily,Garcia,Emergency,555-03104
N0105,Emma,Garcia,Emergency,555-03105
N0106,Ava,Martin,ICU,555-03106
N0107,Olivia,Thompson,Emergency,555-03107
N0108,Emma,Thompson,ICU,555-03108
N0109,Sophia,Garcia,Pediatrics,555-03109
N0110,Emily,Garcia,ICU,555-03110
N0111,Sophia,Martin,General,555-03111
N0112,Ava,White,Pediatrics,555-03112
N0113,Emma,Harris,ICU,555-03113
N0114,Sophia,Thompson,Pediatrics,555-03114
N0115,Emma,Martin,Pediatrics,555-03115
N0116,Olivia,White,Emergency,555-03116
N0117,Sophia,White,Pediatrics,555-03117
N0118,Emily,White,ICU,555-03118
N0119,Emma,Garcia,Pediatrics,555-03119
N0120,Emily,White,General,555-03120
N0121,Ava,Martin,Emergency,555-03121
N0122,Emma,Martin,Emergency,555-03122
N0123,Emma,White,Pediatrics,555-03123
N0124,Emily,Harris,Emergency,555-03124
N0125,Ava,Garcia,Pediatrics,555-03125
N0126,Sophia,Martin,Pediatrics,555-03126
N0127,Sophia,Harris,ICU,555-03127
N0128,Ava,Garcia,ICU,555-03128
N0129,Ava,Harris,ICU,555-03129
N0130,Emily,Garcia,General,555-03130
N0131,Emma,Thompson,ICU,555-03131
N0132,Emily,Martin,Pediatrics,555-03132
N0133,Sophia,Garcia,Pediatrics,555-03133
N0134,Ava,Garcia,General,555-03134
N0135,Sophia,White,General,555-03135
N0136,Olivia,White,Emergency,555-03136
N0137,Olivia,White,General,555-03137
N0138,Emma,White,Pediatrics,555-03138
N0139,Emma,Martin,ICU,555-03139
N0140,Emily,Thompson,ICU,555-03140
N0141,Ava,White,Emergency,555-03141
N0142,Ava,Harris,Pediatrics,555-03142
N0143,Emily,Martin,General,555-03143
N0144,Emily,White,General,555-03144
N0145,Sophia,Martin,Emergency,555-03145
N0146,Ava,Thompson,ICU,555-03146
N0147,Ava,White,ICU,555-03147
N0148,Emily,Harris,Pediatrics,555-03148
N0149,Olivia,Garcia,Emergency,555-03149
N0150,Emily,White,Emergency,555-03150
N0151,Ava,White,General,555-03151
N0152,Sophia,White,General,555-03152
N0153,Sophia,Harris,Emergency,555-03153
N0154,Olivia,Garcia,General,555-03154
N0155,Emily,Harris,Emergency,555-03155
N0156,Ava,White,ICU,555-03156
N0157,Emma,White,Emergency,555-03157
N0158,Emily,Garcia,Pediatrics,555-03158
N0159,Ava,Thompson,General,555-03159
N0160,Sophia,Thompson,ICU,555-03160
N0161,Emily,Thompson,General,555-03161
N0162,Sophia,Garcia,Emergency,555-03162
N0163,Sophia,Martin,General,555-03163
N0164,Ava,Garcia,Emergency,555-03164
N0165,Emily,White,Emergency,555-03165
N0166,Emma,Harris,General,555-03166
N0167,Ava,Garcia,ICU,555-03167
N0168,Olivia,Garcia,Emergency,555-03168
N0169,Ava,Harris,Pediatrics,555-03169
N0170,Emma,Harris,ICU,555-03170
N0171,Ava,Martin,Emergency,555-03171
N0172,Emily,Thompson,General,555-03172
N0173,Olivia,White,Emergency,555-03173
N0174,Sophia,White,General,555-03174
N0175,Ava,Harris,General,555-03175
N0176,Emma,Harris,Emergency,555-03176
N0177,Emily,Thompson,Emergency,555-03177
N0178,Olivia,White,Emergency,555-03178
N0179,Sophia,Harris,ICU,555-03179
N0180,Sophia,White,Emergency,555-03180
N0181,Olivia,Martin,ICU,555-03181
N0182,Olivia,Martin,Pediatrics,555-03182
N0183,Olivia,White,Pediatrics,555-03183
N0184,Emma,Martin,General,555-03184
N0185,Emily,Harris,General,555-03185
N0186,Emily,White,ICU,555-03186
N0187,Emma,White,Emergency,555-03187
N0188,Emma,White,Emergency,555-03188
N0189,Ava,Martin,General,555-03189
N0190,Ava,White,Pediatrics,555-03190
N0191,Emily,Harris,ICU,555-03191
N0192,Sophia,Garcia,ICU,555-03192
N0193,Ava,White,Emergency,555-03193
N0194,Sophia,Garcia,Emergency,555-03194
N0195,Ava,Harris,General,555-03195
N0196,Emma,White,Emergency,555-03196
N0197,Ava,Garcia,ICU,555-03197
N0198,Olivia,Garcia,General,555-03198
N0199,Olivia,White,Emergency,555-03199
N0200,Sophia,White,Emergency,555-03200
N0201,Emma,Garcia,Emergency,555-03201
N0202,Emily,Martin,ICU,555-03202
N0203,Sophia,Thompson,ICU,555-03203
N0204,Sophia,White,Pediatrics,555-03204
N0205,Olivia,Garcia,Pediatrics,555-03205
N0206,Emily,White,ICU,555-03206
N0207,Olivia,White,General,555-03207
N0208,Emily,Garcia,General,555-03208
N0209,Olivia,Harris,General,555-03209
N0210,Sophia,White,Emergency,555-03210
N0211,Ava,Garcia,Emergency,555-03211
N0212,Sophia,Thompson,Emergency,555-03212
N0213,Sophia,White,Emergency,555-03213
N0214,Emma,Harris,ICU,555-03214
N0215,Ava,Garcia,Pediatrics,555-03215
N0216,Ava,Garcia,Emergency,555-03216
N0217,Sophia,Thompson,General,555-03217
N0218,Emily,Martin,Emergency,555-03218
N0219,Emma,Martin,ICU,555-03219
N0220,Olivia,Harris,ICU,555-03220
N0221,Olivia,Thompson,Emergency,555-03221
N0222,Emily,Thompson,General,555-03222
N0223,Olivia,Garcia,ICU,555-03223
N0224,Olivia,Martin,ICU,555-03224
N0225,Olivia,Thompson,General,555-03225
N0226,Emma,Harris,ICU,555-03226
N0227,Emily,White,General,555-03227
N0228,Emma,Harris,ICU,555-03228
N0229,Olivia,White,ICU,555-03229
N0230,Emily,White,ICU,555-03230
N0231,Ava,Garcia,ICU,555-03231
N0232,Ava,White,ICU,555-03232
N0233,Olivia,Garcia,Emergency,555-03233
N0234,Emma,Harris,ICU,555-03234
N0235,Ava,Thompson,General,555-03235
N0236,Olivia,Garcia,General,555-03236
N0237,Ava,White,ICU,555-03237
N0238,Emily,Thompson,Pediatrics,555-03238
N0239,Ava,Harris,ICU,555-03239
N0240,Emily,Thompson,Emergency,555-03240
N0241,Emily,Garcia,Pediatrics,555-03241
N0242,Emma,Garcia,General,555-03242
N0243,Sophia,Garcia,Pediatrics,555-03243
N0244,Olivia,White,Emergency,555-03244
N0245,Emma,Garcia,ICU,555-03245
N0246,Sophia,Thompson,ICU,555-03246
N0247,Ava,Martin,Emergency,555-03247
N0248,Ava,Harris,Emergency,555-03248
N0249,Ava,White,Emergency,555-03249
N0250,Sophia,Martin,General,555-03250
N0251,Olivia,Garcia,Emergency,555-03251
N0252,Emma,Harris,Emergency,555-03252
N0253,Sophia,Thompson,ICU,555-03253
N0254,Olivia,White,Emergency,555-03254
N0255,Emma,Thompson,ICU,555-03255
N0256,Emily,Garcia,Emergency,555-03256
N0257,Ava,Thompson,ICU,555-03257
N0258,Emma,Harris,Pediatrics,555-03258
N0259,Olivia,Thompson,Emergency,555-03259
N0260,Emma,Harris,Pediatrics,555-03260
N0261,Sophia,Garcia,General,555-03261
N0262,Sophia,Martin,General,555-03262
N0263,Sophia,Harris,General,555-03263
N0264,Ava,Harris,General,555-03264
N0265,Sophia,Harris,Emergency,555-03265
N0266,Emily,Harris,Pediatrics,555-03266
N0267,Olivia,Thompson,Emergency,555-03267
N0268,Ava,White,ICU,555-03268
N0269,Ava,Garcia,Pediatrics,555-03269
N0270,Emily,Garcia,General,555-03270
N0271,Emma,White,General,555-03271
N0272,Ava,Harris,General,555-03272
N0273,Ava,Martin,General,555-03273
N0274,Emma,White,ICU,555-03274
N0275,Emma,White,ICU,555-03275
N0276,Ava,Thompson,General,555-03276
N0277,Emma,Martin,ICU,555-03277
N0278,Sophia,White,Pediatrics,555-03278
N0279,Sophia,White,ICU,555-03279
N0280,Emily,White,General,555-03280
N0281,Emma,Harris,Emergency,555-03281
N0282,Emma,Harris,Pediatrics,555-03282
N0283,Sophia,Thompson,General,555-03283
N0284,Olivia,White,ICU,555-03284
N0285,Emma,Martin,Pediatrics,555-03285
N0286,Sophia,Harris,Emergency,555-03286
N0287,Ava,Harris,ICU,555-03287
N0288,Emily,Harris,Emergency,555-03288
N0289,Emma,Martin,ICU,555-03289
N0290,Sophia,Harris,ICU,555-03290
N0291,Olivia,Thompson,Pediatrics,555-03291
N0292,Olivia,Thompson,General,555-03292
N0293,Ava,White,Pediatrics,555-03293
N0294,Sophia,White,ICU,555-03294
N0295,Ava,Harris,ICU,555-03295
N0296,Emily,Martin,Pediatrics,555-03296
N0297,Emily,Thompson,Pediatrics,555-03297
N0298,Emma,White,General,555-03298
N0299,Olivia,White,General,555-03299
N0300,Sophia,White,General,555-03300
N0301,Sophia,Thompson,Pediatrics,555-03301
N0302,Emma,Garcia,Pediatrics,555-03302
N0303,Olivia,Thompson,ICU,555-03303
N0304,Emma,Garcia,General,555-03304
N0305,Ava,Garcia,Pediatrics,555-03305
N0306,Olivia,Garcia,ICU,555-03306
N0307,Ava,White,General,555-03307
N0308,Olivia,Garcia,General,555-03308
N0309,Ava,White,Pediatrics,555-03309
N0310,Ava,Garcia,Pediatrics,555-03310
N0311,Ava,Harris,Pediatrics,555-03311
N0312,Ava,Garcia,ICU,555-03312
N0313,Olivia,Martin,General,555-03313
N0314,Olivia,Harris,Pediatrics,555-03314
N0315,Emily,White,General,555-03315
N0316,Olivia,Thompson,ICU,555-03316
N0317,Olivia,Harris,ICU,555-03317
N0318,Emily,Thompson,General,555-03318
N0319,Emma,White,Pediatrics,555-03319
N0320,Olivia,Garcia,General,555-03320
N0321,Olivia,White,General,555-03321
N0322,Sophia,White,ICU,555-03322
N0323,Sophia,Garcia,ICU,555-03323
N0324,Ava,White,General,555-03324
N0325,Ava,Harris,ICU,555-03325
N0326,Olivia,White,Pediatrics,555-03326
N0327,Sophia,White,ICU,555-03327
N0328,Emily,Thompson,Pediatrics,555-03328
N0329,Olivia,White,General,555-03329
N0330,Sophia,Martin,ICU,555-03330
N0331,Emma,Harris,Emergency,555-03331
N0332,Olivia,White,Pediatrics,555-03332
N0333,Sophia,Thompson,Emergency,555-03333
N0334,Emily,Harris,Pediatrics,555-03334
N0335,Olivia,Martin,ICU,555-03335
N0336,Olivia,Martin,Emergency,555-03336
N0337,Sophia,Thompson,Pediatrics,555-03337
N0338,Emily,White,General,555-03338
N0339,Ava,Martin,Emergency,555-03339
N0340,Sophia,Harris,Pediatrics,555-03340
N0341,Emily,White,ICU,555-03341
N0342,Emma,Martin,Pediatrics,555-03342
N0343,Emily,White,General,555-03343
N0344,Emma,White,Pediatrics,555-03344
N0345,Olivia,Garcia,General,555-03345
N0346,Emma,Harris,ICU,555-03346
N0347,Olivia,Thompson,General,555-03347
N0348,Emma,White,Emergency,555-03348
N0349,Emma,Harris,Emergency,555-03349
N0350,Emily,Harris,Emergency,555-03350
N0351,Ava,White,Pediatrics,555-03351
N0352,Emily,Martin,General,555-03352
N0353,Emily,Thompson,General,555-03353
N0354,Emily,White,ICU,555-03354
N0355,Emily,White,Pediatrics,555-03355
N0356,Emily,Harris,Pediatrics,555-03356
N0357,Ava,Martin,General,555-03357
N0358,Sophia,White,ICU,555-03358
N0359,Emily,White,Pediatrics,555-03359
N0360,Ava,Thompson,Pediatrics,555-03360
N0361,Emma,Garcia,Pediatrics,555-03361
N0362,Ava,Harris,General,555-03362
N0363,Ava,White,Pediatrics,555-03363
N0364,Ava,Garcia,Emergency,555-03364
N0365,Emma,Martin,Pediatrics,555-03365
N0366,Olivia,Harris,Emergency,555-03366
N0367,Sophia,Harris,Emergency,555-03367
N0368,Sophia,Thompson,General,555-03368
N0369,Olivia,Garcia,General,555-03369
N0370,Ava,Harris,Emergency,555-03370
N0371,Olivia,White,ICU,555-03371
N0372,Olivia,Harris,General,555-03372
N0373,Sophia,Garcia,Emergency,555-03373
N0374,Emily,Thompson,Pediatrics,555-03374
N0375,Emily,Harris,Pediatrics,555-03375
N0376,Ava,Harris,General,555-03376
N0377,Emily,Martin,Pediatrics,555-03377
N0378,Ava,White,Emergency,555-03378
N0379,Ava,Harris,General,555-03379
N0380,Emily,Garcia,ICU,555-03380
N0381,Sophia,White,Pediatrics,555-03381
N0382,Olivia,White,General,555-03382
N0383,Olivia,White,ICU,555-03383
N0384,Ava,Martin,ICU,555-03384
N0385,Sophia,Martin,Emergency,555-03385
N0386,Sophia,Martin,General,555-03386
N0387,Emily,Martin,Pediatrics,555-03387
N0388,Sophia,White,Pediatrics,555-03388
N0389,Emily,Harris,Pediatrics,555-03389
N0390,Ava,Thompson,ICU,555-03390
N0391,Emma,Garcia,Emergency,555-03391
N0392,Ava,Harris,General,555-03392
N0393,Sophia,Garcia,Emergency,555-03393
N0394,Emma,Harris,ICU,555-03394
N0395,Emma,White,Pediatrics,555-03395
N0396,Emily,White,General,555-03396
N0397,Olivia,Harris,General,555-03397
N0398,Emma,Harris,Emergency,555-03398
N0399,Emma,Thompson,Pediatrics,555-03399
N0400,Olivia,White,Pediatrics,555-03400
N0401,Emily,Thompson,Pediatrics,555-03401
N0402,Emily,Thompson,Pediatrics,555-03402
N0403,Emily,White,General,555-03403
N0404,Emma,Martin,General,555-03404
N0405,Sophia,Martin,Pediatrics,555-03405
N0406,Emily,Thompson,Emergency,555-03406
N0407,Sophia,Harris,Pediatrics,555-03407
N0408,Emma,Thompson,Emergency,555-03408
N0409,Sophia,Garcia,Emergency,555-03409
N0410,Sophia,Thompson,ICU,555-03410
N0411,Olivia,Harris,Pediatrics,555-03411
N0412,Ava,Garcia,Pediatrics,555-03412
N0413,Emily,Martin,General,555-03413
N0414,Sophia,Harris,ICU,555-03414
N0415,Emma,Garcia,Pediatrics,555-03415
N0416,Emma,Thompson,General,555-03416
N0417,Sophia,Thompson,ICU,555-03417
N0418,Emily,Garcia,Emergency,555-03418
N0419,Sophia,Garcia,Emergency,555-03419
N0420,Emma,Garcia,ICU,555-03420
N0421,Emily,Harris,Pediatrics,555-03421
N0422,Olivia,Garcia,General,555-03422
N0423,Sophia,White,General,555-03423
N0424,Emily,White,Emergency,555-03424
N0425,Olivia,Garcia,ICU,555-03425
N0426,Ava,Harris,General,555-03426
N0427,Emily,Garcia,Emergency,555-03427
N0428,Olivia,Garcia,Pediatrics,555-03428
N0429,Olivia,Garcia,ICU,555-03429
N0430,Ava,Martin,Emergency,555-03430
N0431,Olivia,Thompson,Emergency,555-03431
N0432,Ava,White,General,555-03432
N0433,Emma,Thompson,Emergency,555-03433
N0434,Emma,Harris,ICU,555-03434
N0435,Olivia,Martin,ICU,555-03435
N0436,Ava,Thompson,ICU,555-03436
N0437,Emily,Martin,Emergency,555-03437
N0438,Olivia,Thompson,Emergency,555-03438
N0439,Olivia,Thompson,General,555-03439
N0440,Ava,Martin,Emergency,555-03440
N0441,Emily,Garcia,Pediatrics,555-03441
N0442,Emma,Harris,Pediatrics,555-03442
N0443,Sophia,White,ICU,555-03443
N0444,Ava,Garcia,Emergency,555-03444
N0445,Sophia,White,ICU,555-03445
N0446,Sophia,Martin,General,555-03446
N0447,Emma,Thompson,Pediatrics,555-03447
N0448,Emma,Thompson,Pediatrics,555-03448
N0449,Sophia,Garcia,General,555-03449
N0450,Ava,Harris,General,555-03450
N0451,Ava,Thompson,ICU,555-03451
N0452,Emily,Thompson,Emergency,555-03452
N0453,Emily,Martin,Emergency,555-03453
N0454,Emma,Garcia,Pediatrics,555-03454
N0455,Sophia,Thompson,Emergency,555-03455
N0456,Ava,Harris,Pediatrics,555-03456
N0457,Ava,Harris,Emergency,555-03457
N0458,Emily,Martin,ICU,555-03458
N0459,Olivia,Martin,Emergency,555-03459
N0460,Emily,Harris,General,555-03460
N0461,Sophia,Thompson,General,555-03461
N0462,Sophia,Thompson,Pediatrics,555-03462
N0463,Sophia,Martin,ICU,555-03463
N0464,Emma,Harris,General,555-03464
N0465,Olivia,Thompson,ICU,555-03465
N0466,Emma,Thompson,General,555-03466
N0467,Emily,White,ICU,555-03467
N0468,Ava,Harris,General,555-03468
N0469,Emma,Harris,Pediatrics,555-03469
N0470,Emily,White,ICU,555-03470
N0471,Ava,White,Pediatrics,555-03471
N0472,Ava,Martin,ICU,555-03472
N0473,Ava,Garcia,General,555-03473
N0474,Emily,Harris,General,555-03474
N0475,Sophia,White,Pediatrics,555-03475
N0476,Emma,White,Pediatrics,555-03476
N0477,Olivia,Martin,Pediatrics,555-03477
N0478,Sophia,Garcia,ICU,555-03478
N0479,Emily,White,ICU,555-03479
N0480,Emily,Harris,Pediatrics,555-03480
N0481,Sophia,Harris,ICU,555-03481
N0482,Olivia,White,General,555-03482
N0483,Olivia,Harris,Pediatrics,555-03483
N0484,Ava,Thompson,Pediatrics,555-03484
N0485,Olivia,Garcia,General,555-03485
N0486,Emma,Thompson,Emergency,555-03486
N0487,Olivia,Thompson,General,555-03487
N0488,Ava,White,Emergency,555-03488
N0489,Olivia,Martin,Pediatrics,555-03489
N0490,Olivia,Harris,General,555-03490
N0491,Ava,Thompson,General,555-03491
N0492,Emma,Harris,ICU,555-03492
N0493,Emma,White,General,555-03493
N0494,Olivia,Thompson,General,555-03494
N0495,Olivia,Garcia,ICU,555-03495
N0496,Olivia,Martin,General,555-03496
N0497,Emma,Thompson,Pediatrics,555-03497
N0498,Emily,White,General,555-03498
N0499,Emma,Harris,Pediatrics,555-03499
N0500,Emma,Martin,Pediatrics,555-03500
N0501,Emma,Harris,ICU,555-03501
N0502,Olivia,Harris,ICU,555-03502
N0503,Emma,Harris,General,555-03503
N0504,Ava,Harris,ICU,555-03504
N0505,Sophia,Martin,General,555-03505
N0506,Ava,Harris,Emergency,555-03506
N0507,Emily,Harris,ICU,555-03507
N0508,Sophia,Harris,Emergency,555-03508
N0509,Emma,White,ICU,555-03509
N0510,Ava,White,Emergency,555-03510
N0511,Ava,Garcia,Pediatrics,555-03511
N0512,Olivia,Garcia,ICU,555-03512
N0513,Emily,Thompson,Pediatrics,555-03513
N0514,Emily,Garcia,Emergency,555-03514
N0515,Emma,Garcia,General,555-03515
N0516,Olivia,Martin,General,555-03516
N0517,Emma,Martin,Emergency,555-03517
N0518,Ava,Garcia,Pediatrics,555-03518
N0519,Emily,Harris,General,555-03519
N0520,Emily,White,Pediatrics,555-03520
N0521,Sophia,Martin,Emergency,555-03521
N0522,Olivia,White,ICU,555-03522
N0523,Emily,Thompson,ICU,555-03523
N0524,Olivia,Martin,Pediatrics,555-03524
N0525,Olivia,Harris,ICU,555-03525
N0526,Emily,Garcia,ICU,555-03526
N0527,Emily,Martin,ICU,555-03527
N0528,Olivia,Martin,Emergency,555-03528
N0529,Sophia,Thompson,Emergency,555-03529
N0530,Olivia,Harris,ICU,555-03530
N0531,Emily,White,Emergency,555-03531
N0532,Sophia,Thompson,General,555-03532
N0533,Emma,Harris,Pediatrics,555-03533
N0534,Sophia,Martin,ICU,555-03534
N0535,Sophia,White,General,555-03535
N0536,Ava,Martin,General,555-03536
N0537,Sophia,Garcia,General,555-03537
N0538,Ava,Harris,Pediatrics,555-03538
N0539,Ava,Martin,Pediatrics,555-03539
N0540,Ava,Thompson,Emergency,555-03540
N0541,Ava,White,Pediatrics,555-03541
N0542,Ava,Martin,General,555-03542
N0543,Emma,Garcia,Pediatrics,555-03543
N0544,Ava,White,ICU,555-03544
N0545,Olivia,White,Emergency,555-03545
N0546,Emma,Harris,Emergency,555-03546
N0547,Emily,Harris,Emergency,555-03547
N0548,Emily,White,Emergency,555-03548
N0549,Emma,Garcia,Pediatrics,555-03549
N0550,Emma,Harris,ICU,555-03550
N0551,Sophia,White,ICU,555-03551
N0552,Ava,Thompson,Emergency,555-03552
N0553,Ava,White,General,555-03553
N0554,Ava,White,ICU,555-03554
N0555,Emma,Thompson,General,555-03555
N0556,Emily,Garcia,Pediatrics,555-03556
N0557,Sophia,Harris,Emergency,555-03557
N0558,Emily,Thompson,ICU,555-03558
N0559,Olivia,Garcia,Emergency,555-03559
N0560,Emily,Harris,ICU,555-03560
N0561,Olivia,Thompson,General,555-03561
N0562,Olivia,Harris,ICU,555-03562
N0563,Emily,Martin,General,555-03563
N0564,Sophia,Martin,Pediatrics,555-03564
N0565,Ava,Garcia,ICU,555-03565
N0566,Sophia,White,Emergency,555-03566
N0567,Ava,Garcia,Emergency,555-03567
N0568,Sophia,Harris,General,555-03568
N0569,Emma,White,Pediatrics,555-03569
N0570,Emma,Harris,General,555-03570
N0571,Ava,White,General,555-03571
N0572,Sophia,Harris,Pediatrics,555-03572
N0573,Sophia,Thompson,General,555-03573
N0574,Ava,Martin,Pediatrics,555-03574
N0575,Emma,Martin,ICU,555-03575
N0576,Ava,Martin,Emergency,555-03576
N0577,Sophia,Thompson,Emergency,555-03577
N0578,Sophia,White,Pediatrics,555-03578
N0579,Emma,White,Emergency,555-03579
N0580,Emma,White,ICU,555-03580
N0581,Olivia,White,ICU,555-03581
N0582,Emma,Martin,Pediatrics,555-03582
N0583,Emma,Thompson,ICU,555-03583
N0584,Ava,Garcia,Emergency,555-03584
N0585,Olivia,Garcia,General,555-03585
N0586,Ava,Martin,Emergency,555-03586
N0587,Sophia,Harris,ICU,555-03587
N0588,Emily,Garcia,General,555-03588
N0589,Emily,Martin,ICU,555-03589
N0590,Ava,Martin,Emergency,555-03590
N0591,Emma,Harris,General,555-03591
N0592,Emma,White,Emergency,555-03592
N0593,Emily,Martin,Emergency,555-03593
N0594,Emily,Harris,ICU,555-03594
N0595,Ava,Harris,ICU,555-03595
N0596,Ava,Martin,General,555-03596
N0597,Emily,Martin,General,555-03597
N0598,Olivia,Garcia,Emergency,555-03598
N0599,Emma,Garcia,Pediatrics,555-03599
N0600,Ava,Martin,General,555-03600
N0601,Ava,Garcia,Pediatrics,555-03601
N0602,Olivia,Garcia,Pediatrics,555-03602
N0603,Emily,Thompson,Pediatrics,555-03603
N0604,Ava,Thompson,Pediatrics,555-03604
N0605,Olivia,Garcia,Pediatrics,555-03605
N0606,Emma,Martin,General,555-03606
N0607,Ava,Thompson,Pediatrics,555-03607
N0608,Olivia,White,Emergency,555-03608
N0609,Ava,White,Emergency,555-03609
N0610,Sophia,Garcia,Pediatrics,555-03610
N0611,Emma,Martin,General,555-03611
N0612,Olivia,Harris,Pediatrics,555-03612
N0613,Emily,Garcia,ICU,555-03613
N0614,Ava,Martin,Pediatrics,555-03614
N0615,Olivia,Garcia,General,555-03615
N0616,Sophia,White,ICU,555-03616
N0617,Ava,Harris,Pediatrics,555-03617
N0618,Sophia,Thompson,General,555-03618
N0619,Sophia,Martin,Emergency,555-03619
N0620,Ava,Thompson,ICU,555-03620
N0621,Emma,Thompson,General,555-03621
N0622,Emma,Garcia,General,555-03622
N0623,Sophia,Garcia,General,555-03623
N0624,Ava,Garcia,Emergency,555-03624
N0625,Emma,Martin,ICU,555-03625
N0626,Emily,Garcia,General,555-03626
N0627,Ava,White,Pediatrics,555-03627
N0628,Sophia,Thompson,Pediatrics,555-03628
N0629,Olivia,Martin,General,555-03629
N0630,Olivia,Harris,Pediatrics,555-03630
N0631,Sophia,Harris,ICU,555-03631
N0632,Sophia,Garcia,ICU,555-03632
N0633,Olivia,Thompson,General,555-03633
N0634,Olivia,Harris,Emergency,555-03634
N0635,Ava,White,Pediatrics,555-03635
N0636,Emma,Garcia,Pediatrics,555-03636
N0637,Emma,Thompson,General,555-03637
N0638,Ava,Martin,Emergency,555-03638
N0639,Ava,Thompson,Emergency,555-03639
N0640,Ava,Garcia,General,555-03640
N0641,Emma,Garcia,ICU,555-03641
N0642,Sophia,Martin,Pediatrics,555-03642
N0643,Emily,Martin,Pediatrics,555-03643
N0644,Ava,Harris,ICU,555-03644
N0645,Emma,Harris,ICU,555-03645
N0646,Emma,White,General,555-03646
N0647,Emma,Thompson,Pediatrics,555-03647
N0648,Emma,Martin,Emergency,555-03648
N0649,Emily,Martin,Pediatrics,555-03649
N0650,Emma,Garcia,ICU,555-03650
N0651,Emily,Thompson,General,555-03651
N0652,Sophia,Garcia,ICU,555-03652
N0653,Emily,Martin,ICU,555-03653
N0654,Ava,Thompson,Pediatrics,555-03654
N0655,Olivia,Thompson,ICU,555-03655
N0656,Emma,Harris,Pediatrics,555-03656
N0657,Sophia,Harris,Emergency,555-03657
N0658,Emily,Garcia,General,555-03658
N0659,Emily,Garcia,ICU,555-03659
N0660,Emma,Harris,ICU,555-03660
N0661,Emily,Martin,General,555-03661
N0662,Ava,Martin,Pediatrics,555-03662
N0663,Emma,Martin,Pediatrics,555-03663
N0664,Sophia,Garcia,ICU,555-03664
N0665,Ava,Harris,Pediatrics,555-03665
N0666,Emma,Thompson,ICU,555-03666
N0667,Emily,Harris,General,555-03667
N0668,Emily,Harris,ICU,555-03668
N0669,Emily,Harris,Pediatrics,555-03669
N0670,Emily,Martin,Emergency,555-03670
N0671,Olivia,Garcia,Pediatrics,555-03671
N0672,Emily,Garcia,Pediatrics,555-03672
N0673,Ava,Martin,Pediatrics,555-03673
N0674,Emma,Harris,General,555-03674
N0675,Emily,Martin,General,555-03675
N0676,Sophia,Garcia,Pediatrics,555-03676
N0677,Olivia,Thompson,Pediatrics,555-03677
N0678,Emily,Harris,Pediatrics,555-03678
N0679,Emily,Martin,General,555-03679
N0680,Emily,Thompson,General,555-03680
N0681,Sophia,Harris,Emergency,555-03681
N0682,Sophia,Garcia,General,555-03682
N0683,Emma,White,Emergency,555-03683
N0684,Ava,Martin,General,555-03684
N0685,Olivia,Martin,ICU,555-03685
N0686,Ava,Thompson,Emergency,555-03686
N0687,Ava,White,ICU,555-03687
N0688,Emily,Garcia,Emergency,555-03688
N0689,Emma,Garcia,Pediatrics,555-03689
N0690,Emily,Harris,General,555-03690
N0691,Ava,Thompson,Emergency,555-03691
N0692,Ava,White,ICU,555-03692
N0693,Emily,Garcia,General,555-03693
N0694,Ava,Harris,Emergency,555-03694
N0695,Sophia,Thompson,Emergency,555-03695
N0696,Emma,Garcia,General,555-03696
N0697,Olivia,Thompson,Pediatrics,555-03697
N0698,Olivia,Thompson,General,555-03698
N0699,Ava,Harris,ICU,555-03699
N0700,Emily,Martin,ICU,555-03700
N0701,Olivia,Garcia,Pediatrics,555-03701
N0702,Emma,Garcia,Pediatrics,555-03702
N0703,Ava,Garcia,General,555-03703
N0704,Emily,Harris,Pediatrics,555-03704
N0705,Emma,Harris,General,555-03705
N0706,Ava,Martin,ICU,555-03706
N0707,Ava,Thompson,ICU,555-03707
N0708,Ava,Martin,ICU,555-03708
N0709,Ava,Martin,ICU,555-03709
N0710,Sophia,Thompson,General,555-03710
N0711,Emily,Martin,ICU,555-03711
N0712,Sophia,White,Pediatrics,555-03712
N0713,Ava,Garcia,ICU,555-03713
N0714,Olivia,Martin,Pediatrics,555-03714
N0715,Sophia,White,Emergency,555-03715
N0716,Emma,Harris,Emergency,555-03716
N0717,Olivia,Harris,Pediatrics,555-03717
N0718,Olivia,Garcia,Emergency,555-03718
N0719,Emma,White,Pediatrics,555-03719
N0720,Ava,White,Emergency,555-03720
N0721,Sophia,Thompson,Pediatrics,555-03721
N0722,Emily,Martin,Pediatrics,555-03722
N0723,Sophia,White,Pediatrics,555-03723
N0724,Olivia,Martin,Emergency,555-03724
N0725,Emily,Garcia,ICU,555-03725
N0726,Ava,Thompson,Emergency,555-03726
N0727,Emma,White,General,555-03727
N0728,Emma,Martin,Pediatrics,555-03728
N0729,Emily,Harris,Emergency,555-03729
N0730,Emily,Garcia,Emergency,555-03730
N0731,Emma,White,ICU,555-03731
N0732,Olivia,Thompson,General,555-03732
N0733,Sophia,Thompson,Emergency,555-03733
N0734,Olivia,Harris,ICU,555-03734
N0735,Ava,White,Pediatrics,555-03735
N0736,Emily,Garcia,Pediatrics,555-03736
N0737,Ava,Garcia,Pediatrics,555-03737
N0738,Ava,Harris,General,555-03738
N0739,Olivia,Harris,ICU,555-03739
N0740,Ava,White,Pediatrics,555-03740
N0741,Ava,Garcia,Pediatrics,555-03741
N0742,Emma,White,Pediatrics,555-03742
N0743,Emily,Thompson,ICU,555-03743
N0744,Sophia,White,General,555-03744
N0745,Ava,White,Pediatrics,555-03745
N0746,Emma,Harris,ICU,555-03746
N0747,Sophia,Martin,General,555-03747
N0748,Sophia,Garcia,Pediatrics,555-03748
N0749,Emma,Martin,Emergency,555-03749
N0750,Emma,Harris,ICU,555-03750
N0751,Emily,White,Pediatrics,555-03751
N0752,Sophia,Harris,Emergency,555-03752
N0753,Olivia,Harris,ICU,555-03753
N0754,Sophia,Thompson,Emergency,555-03754
N0755,Ava,Harris,ICU,555-03755
N0756,Ava,Garcia,Pediatrics,555-03756
N0757,Ava,White,Emergency,555-03757
N0758,Emma,Harris,Emergency,555-03758
N0759,Olivia,Harris,Pediatrics,555-03759
N0760,Emily,Martin,Pediatrics,555-03760
N0761,Olivia,Martin,ICU,555-03761
N0762,Emma,White,ICU,555-03762
N0763,Emma,Martin,ICU,555-03763
N0764,Ava,Garcia,Emergency,555-03764
N0765,Emma,White,Pediatrics,555-03765
N0766,Emma,Thompson,General,555-03766
N0767,Emily,Harris,ICU,555-03767
N0768,Sophia,Harris,General,555-03768
N0769,Olivia,Martin,General,555-03769
N0770,Emma,White,General,555-03770
N0771,Emily,White,ICU,555-03771
N0772,Emma,Martin,ICU,555-03772
N0773,Emily,Garcia,ICU,555-03773
N0774,Emma,Garcia,General,555-03774
N0775,Sophia,White,Pediatrics,555-03775
N0776,Emma,Thompson,ICU,555-03776
N0777,Olivia,Harris,ICU,555-03777
N0778,Ava,Harris,General,555-03778
N0779,Emma,Garcia,General,555-03779
N0780,Emma,Harris,ICU,555-03780
N0781,Emily,Thompson,ICU,555-03781
N0782,Emily,White,General,555-03782
N0783,Emily,Harris,Pediatrics,555-03783
N0784,Emma,Garcia,General,555-03784
N0785,Emily,Garcia,ICU,555-03785
N0786,Olivia,Thompson,ICU,555-03786
N0787,Olivia,White,Pediatrics,555-03787
N0788,Emma,Garcia,Pediatrics,555-03788
N0789,Emma,Harris,General,555-03789
N0790,Emily,White,General,555-03790
N0791,Sophia,Martin,General,555-03791
N0792,Ava,Martin,Pediatrics,555-03792
N0793,Sophia,White,ICU,555-03793
N0794,Emily,Martin,Pediatrics,555-03794
N0795,Ava,Thompson,General,555-03795
N0796,Emily,Garcia,Pediatrics,555-03796
N0797,Emma,Harris,General,555-03797
N0798,Ava,Garcia,ICU,555-03798
N0799,Ava,Harris,Emergency,555-03799
N0800,Ava,White,Emergency,555-03800
N0801,Emma,Garcia,ICU,555-03801
N0802,Olivia,Thompson,General,555-03802
N0803,Olivia,Thompson,Pediatrics,555-03803
N0804,Olivia,White,Emergency,555-03804
N0805,Emily,Harris,ICU,555-03805
N0806,Ava,Harris,ICU,555-03806
N0807,Sophia,Thompson,Emergency,555-03807
N0808,Ava,Thompson,Pediatrics,555-03808
N0809,Olivia,Thompson,ICU,555-03809
N0810,Emma,Garcia,Pediatrics,555-03810
N0811,Emma,White,ICU,555-03811
N0812,Emily,Thompson,ICU,555-03812
N0813,Emily,Garcia,Emergency,555-03813
N0814,Olivia,White,Emergency,555-03814
N0815,Sophia,Thompson,ICU,555-03815
N0816,Sophia,Martin,ICU,555-03816
N0817,Sophia,Thompson,Emergency,555-03817
N0818,Sophia,Thompson,Pediatrics,555-03818
N0819,Emily,Thompson,Pediatrics,555-03819
N0820,Sophia,Thompson,ICU,555-03820
N0821,Emma,Thompson,Emergency,555-03821
N0822,Olivia,Thompson,Emergency,555-03822
N0823,Emily,Harris,Pediatrics,555-03823
N0824,Sophia,Garcia,Emergency,555-03824
N0825,Ava,Harris,General,555-03825
N0826,Emma,White,Emergency,555-03826
N0827,Sophia,White,Pediatrics,555-03827
N0828,Emma,Thompson,Pediatrics,555-03828
N0829,Sophia,Garcia,ICU,555-03829
N0830,Emma,Garcia,General,555-03830
N0831,Emily,Thompson,Pediatrics,555-03831
N0832,Emily,Garcia,ICU,555-03832
N0833,Emily,Garcia,General,555-03833
N0834,Sophia,Harris,General,555-03834
N0835,Olivia,Thompson,Pediatrics,555-03835
N0836,Ava,Martin,Emergency,555-03836
N0837,Ava,Garcia,ICU,555-03837
N0838,Sophia,Garcia,Emergency,555-03838
N0839,Olivia,White,Emergency,555-03839
N0840,Emily,White,Pediatrics,555-03840
N0841,Emma,Harris,ICU,555-03841
N0842,Emma,Garcia,Emergency,555-03842
N0843,Sophia,Martin,General,555-03843
N0844,Sophia,Garcia,General,555-03844
N0845,Ava,Martin,Pediatrics,555-03845
N0846,Ava,Thompson,ICU,555-03846
N0847,Emma,White,Pediatrics,555-03847
N0848,Olivia,White,ICU,555-03848
N0849,Olivia,Martin,General,555-03849
N0850,Ava,White,ICU,555-03850
N0851,Emma,Thompson,Pediatrics,555-03851
N0852,Sophia,Garcia,Pediatrics,555-03852
N0853,Sophia,Thompson,Pediatrics,555-03853
N0854,Olivia,Martin,Pediatrics,555-03854
N0855,Olivia,Harris,Pediatrics,555-03855
N0856,Emma,Martin,Pediatrics,555-03856
N0857,Emma,White,General,555-03857
N0858,Olivia,Thompson,ICU,555-03858
N0859,Ava,Garcia,Pediatrics,555-03859
N0860,Ava,Martin,Pediatrics,555-03860
N0861,Ava,Thompson,ICU,555-03861
N0862,Emma,Harris,Pediatrics,555-03862
N0863,Sophia,Thompson,ICU,555-03863
N0864,Ava,Thompson,Pediatrics,555-03864
N0865,Emily,Harris,General,555-03865
N0866,Olivia,Thompson,Emergency,555-03866
N0867,Sophia,Thompson,Emergency,555-03867
N0868,Emily,White,ICU,555-03868
N0869,Olivia,White,General,555-03869
N0870,Emily,Thompson,General,555-03870
N0871,Olivia,White,Emergency,555-03871
N0872,Sophia,Martin,General,555-03872
N0873,Ava,Thompson,Emergency,555-03873
N0874,Emily,Thompson,Pediatrics,555-03874
N0875,Emma,Garcia,ICU,555-03875
N0876,Olivia,Martin,Emergency,555-03876
N0877,Emily,Harris,ICU,555-03877
N0878,Ava,Thompson,Emergency,555-03878
N0879,Emily,White,Emergency,555-03879
N0880,Emma,White,ICU,555-03880
N0881,Emily,White,Pediatrics,555-03881
N0882,Ava,Garcia,Emergency,555-03882
N0883,Olivia,Martin,General,555-03883
N0884,Sophia,Harris,ICU,555-03884
N0885,Emily,Thompson,General,555-03885
N0886,Emma,Garcia,Emergency,555-03886
N0887,Olivia,Garcia,Emergency,555-03887
N0888,Emma,White,Emergency,555-03888
N0889,Sophia,Martin,General,555-03889
N0890,Emily,Garcia,ICU,555-03890
N0891,Olivia,Garcia,General,555-03891
N0892,Emily,Harris,Pediatrics,555-03892
N0893,Ava,Thompson,Pediatrics,555-03893
N0894,Olivia,Garcia,Pediatrics,555-03894
N0895,Emma,White,ICU,555-03895
N0896,Olivia,White,ICU,555-03896
N0897,Sophia,White,General,555-03897
N0898,Emma,Harris,Emergency,555-03898
N0899,Sophia,Garcia,Pediatrics,555-03899
N0900,Olivia,Harris,Emergency,555-03900
N0901,Sophia,Garcia,Emergency,555-03901
N0902,Emily,Martin,Emergency,555-03902
N0903,Sophia,Martin,Pediatrics,555-03903
N0904,Olivia,Thompson,General,555-03904
N0905,Olivia,White,General,555-03905
N0906,Ava,Martin,Emergency,555-03906
N0907,Ava,Thompson,General,555-03907
N0908,Olivia,Garcia,General,555-03908
N0909,Sophia,White,Pediatrics,555-03909
N0910,Sophia,White,Emergency,555-03910
N0911,Sophia,Garcia,Emergency,555-03911
N0912,Olivia,Harris,ICU,555-03912
N0913,Sophia,Martin,Emergency,555-03913
N0914,Ava,Garcia,ICU,555-03914
N0915,Sophia,Martin,ICU,555-03915
N0916,Emma,Harris,General,555-03916
N0917,Emily,Harris,ICU,555-03917
N0918,Emily,Thompson,Pediatrics,555-03918
N0919,Emily,White,General,555-03919
N0920,Emily,Garcia,Emergency,555-03920
N0921,Emily,Martin,ICU,555-03921
N0922,Olivia,White,ICU,555-03922
N0923,Emma,Thompson,General,555-03923
N0924,Emily,Martin,General,555-03924
N0925,Emma,Thompson,Pediatrics,555-03925
N0926,Emily,Martin,ICU,555-03926
N0927,Emma,Martin,General,555-03927
N0928,Olivia,Garcia,Pediatrics,555-03928
N0929,Sophia,Martin,ICU,555-03929
N0930,Ava,White,Emergency,555-03930
N0931,Emily,White,ICU,555-03931
N0932,Emma,Harris,ICU,555-03932
N0933,Olivia,White,ICU,555-03933
N0934,Emily,White,Pediatrics,555-03934
N0935,Emily,Harris,Pediatrics,555-03935
N0936,Sophia,Thompson,Emergency,555-03936
N0937,Ava,Garcia,ICU,555-03937
N0938,Sophia,Thompson,Pediatrics,555-03938
N0939,Sophia,Harris,Emergency,555-03939
N0940,Sophia,White,General,555-03940
N0941,Emma,Martin,Emergency,555-03941
N0942,Emily,Garcia,Pediatrics,555-03942
N0943,Ava,Harris,Emergency,555-03943
N0944,Olivia,Martin,ICU,555-03944
N0945,Ava,Thompson,Emergency,555-03945
N0946,Ava,Martin,Pediatrics,555-03946
N0947,Olivia,Harris,ICU,555-03947
N0948,Sophia,Thompson,ICU,555-03948
N0949,Emma,Thompson,Emergency,555-03949
N0950,Olivia,Martin,General,555-03950
N0951,Emily,Harris,General,555-03951
N0952,Olivia,Martin,Pediatrics,555-03952
N0953,Emily,Harris,General,555-03953
N0954,Emma,White,ICU,555-03954
N0955,Sophia,Martin,ICU,555-03955
N0956,Ava,White,Pediatrics,555-03956
N0957,Sophia,Martin,Pediatrics,555-03957
N0958,Ava,Thompson,ICU,555-03958
N0959,Olivia,Harris,Pediatrics,555-03959
N0960,Ava,Martin,General,555-03960
N0961,Emma,Martin,ICU,555-03961
N0962,Sophia,Thompson,ICU,555-03962
N0963,Emily,Thompson,Emergency,555-03963
N0964,Emma,Thompson,General,555-03964
N0965,Sophia,Harris,General,555-03965
N0966,Emma,White,General,555-03966
N0967,Olivia,Martin,Pediatrics,555-03967
N0968,Ava,Garcia,Pediatrics,555-03968
N0969,Olivia,Garcia,ICU,555-03969
N0970,Emily,White,General,555-03970
N0971,Emily,Thompson,Emergency,555-03971
N0972,Emma,White,ICU,555-03972
N0973,Ava,Garcia,General,555-03973
N0974,Sophia,Garcia,General,555-03974
N0975,Sophia,Martin,ICU,555-03975
N0976,Emily,Harris,General,555-03976
N0977,Emma,White,Pediatrics,555-03977
N0978,Olivia,Harris,Pediatrics,555-03978
N0979,Sophia,Garcia,Pediatrics,555-03979
N0980,Emily,Garcia,Pediatrics,555-03980
N0981,Sophia,Harris,Pediatrics,555-03981
N0982,Emma,Garcia,ICU,555-03982
N0983,Emma,Martin,Pediatrics,555-03983
N0984,Olivia,Martin,General,555-03984
N0985,Emily,Harris,Emergency,555-03985
N0986,Olivia,White,Emergency,555-03986
N0987,Emma,Harris,Emergency,555-03987
N0988,Ava,Harris,Emergency,555-03988
N0989,Emma,Martin,Pediatrics,555-03989
N0990,Olivia,Harris,ICU,555-03990
N0991,Sophia,Martin,ICU,555-03991
N0992,Ava,Garcia,Pediatrics,555-03992
N0993,Ava,Martin,ICU,555-03993
N0994,Ava,Garcia,ICU,555-03994
N0995,Ava,Garcia,Pediatrics,555-03995
N0996,Ava,Garcia,Pediatrics,555-03996
N0997,Emily,Garcia,Emergency,555-03997
N0998,Ava,Martin,Emergency,555-03998
N0999,Ava,White,General,555-03999
N1000,Emily,Martin,Emergency,555-031000
